Name,Release date,Metascore,Userscore
Red Dead Redemption 2,"October 26, 2018",97,8.2
Grand Theft Auto V,"November 18, 2014",97,7.9
Metal Gear Solid V: The Phantom Pain,"September 1, 2015",95,7.6
Celeste,"January 26, 2018",94,7.6
The Witcher 3: Wild Hunt - Blood and Wine,"May 31, 2016",94,8.6
Resident Evil 2,"January 25, 2019",93,8.8
INSIDE,"June 29, 2016",93,8.4
Forza Horizon 4,"September 28, 2018",92,8.3
Divinity: Original Sin II - Definitive Edition,"August 31, 2018",92,7.7
RimWorld Console Edition,"July 29, 2022",92,8.4
What Remains of Edith Finch,"July 19, 2017",92,7.9
Cuphead in the Delicious Last Course,"June 30, 2022",92,8.3
The Swapper,"June 5, 2015",92,7.5
Dragon Quest XI S: Echoes of an Elusive Age - Definitive Edition,"December 4, 2020",92,8.3
The Witcher 3: Wild Hunt,"May 19, 2015",91,9.1
Rayman Legends,"February 18, 2014",91,8.0
Overwatch,"May 23, 2016",91,5.9
Sekiro: Shadows Die Twice,"March 22, 2019",91,9.0
Forza Horizon 3,"September 23, 2016",91,8.1
Dead Cells,"August 7, 2018",91,8.1
Psychonauts 2,"August 25, 2021",91,6.3
F1 2020,"July 10, 2020",91,7.3
Monster Hunter: World - Iceborne,"September 6, 2019",90,8.1
NieR: Automata - Become as Gods Edition,"June 26, 2018",90,9.1
The Witcher 3: Wild Hunt - Hearts of Stone,"October 13, 2015",90,9.2
Monster Hunter: World,"January 26, 2018",90,7.2
Pinball FX3: Universal Classics Pinball,"September 26, 2017",90,6.0
Ori and the Will of the Wisps,"March 11, 2020",90,8.9
NBA 2K17,"September 16, 2016",90,5.9
Curse of the Dead Gods,"February 23, 2021",90,7.1
Yakuza 0,"February 26, 2020",90,8.0
Mass Effect Legendary Edition,"May 14, 2021",90,6.9
Yakuza: Like a Dragon,"November 10, 2020",89,8.6
Call of Duty: Modern Warfare Remastered,"November 4, 2016",89,7.4
F1 2019,"June 25, 2019",89,7.0
Roguebook,"February 24, 2022",89,tbd
Dark Souls II: Scholar of the First Sin,"April 7, 2015",89,7.8
Zen Pinball 2: Bethesda Pinball,"December 6, 2016",89,tbd
Hollow Knight: Voidheart Edition,"September 25, 2018",89,8.8
Stardew Valley,"December 14, 2016",89,7.8
Streets of Rage 4: Mr. X Nightmare,"July 15, 2021",89,7.7
Destiny: The Taken King,"September 15, 2015",89,5.3
Injustice 2,"May 16, 2017",89,8.1
Sonic Mania Plus,"July 17, 2018",89,7.3
Fallout 4,"November 10, 2015",88,6.6
N++,"October 4, 2017",88,5.6
Divinity: Original Sin Enhanced Edition,"October 27, 2015",88,7.6
FIFA 14,"November 19, 2013",88,5.8
Ori and the Blind Forest: Definitive Edition,"March 11, 2016",88,8.1
Dishonored 2,"November 10, 2016",88,8.9
The Banner Saga 3,"July 26, 2018",88,7.5
DOOM Eternal,"March 19, 2020",88,9.0
Minecraft: Xbox One Edition,"November 18, 2014",88,7.4
Guacamelee! Super Turbo Championship Edition,"July 2, 2014",88,7.0
Tony Hawk's Pro Skater 1 + 2,"September 4, 2020",88,7.8
Manifold Garden,"August 18, 2020",88,6.0
Ori and the Blind Forest,"March 11, 2015",88,8.6
Yakuza Kiwami 2,"July 29, 2020",88,8.2
Wolfenstein II: The New Colossus,"October 27, 2017",88,6.8
Apex Legends,"February 4, 2019",88,7.1
Tales from the Borderlands: A Telltale Game Series,"October 20, 2015",88,8.3
Hellblade: Senua's Sacrifice,"April 11, 2018",88,8.0
The Forgotten City,"July 28, 2021",88,8.4
Kingdom Hearts HD I.5 + II.5 Remix,"February 18, 2020",88,7.6
Death's Door,"July 20, 2021",87,7.0
Devil May Cry 5,"March 8, 2019",87,7.6
Middle-earth: Shadow of Mordor,"September 30, 2014",87,8.0
DOOM,"May 13, 2016",87,8.5
Battlefield 1,"October 18, 2016",87,7.6
Dark Souls III,"April 12, 2016",87,9.1
Yakuza 6: The Song of Life,"March 25, 2021",87,7.1
Kingdom: New Lands,"August 9, 2016",87,6.5
Assassin's Creed Odyssey,"October 2, 2018",87,6.4
Donut County,"December 18, 2018",87,6.9
Forza Motorsport 6,"September 15, 2015",87,7.7
Rocket League,"February 17, 2016",87,8.0
Pro Evolution Soccer 2017,"September 13, 2016",87,5.9
Titanfall 2,"October 28, 2016",87,8.8
UnMetal,"September 28, 2021",87,tbd
Huntdown,"May 12, 2020",87,5.7
Destiny 2,"September 6, 2017",87,4.4
Forza Horizon 3: Blizzard Mountain,"December 13, 2016",87,7.8
Insane Robots,"July 13, 2018",87,6.9
Teenage Mutant Ninja Turtles: Shredder's Revenge,"June 16, 2022",87,8.1
XCOM 2,"September 27, 2016",87,7.5
Forza Horizon 3: Hot Wheels,"May 9, 2017",87,7.8
Okami HD,"December 12, 2017",87,8.5
Thumper,"August 18, 2017",86,5.9
The Witness,"September 13, 2016",86,7.5
Fell Seal: Arbiter's Mark,"April 30, 2019",86,6.1
DiRT Rally,"April 5, 2016",86,8.0
Sid Meier's Civilization VI,"November 22, 2019",86,6.6
Cuphead,"September 29, 2017",86,8.4
Killer Instinct Season 3,"March 29, 2016",86,6.6
Shovel Knight,"April 21, 2015",86,7.5
Pillars of Eternity: Complete Edition,"August 29, 2017",86,7.5
NBA 2K14,"November 12, 2013",86,5.7
Grim Dawn Definitive Edition,"December 3, 2021",86,4.7
DmC: Devil May Cry Definitive Edition,"March 10, 2015",86,8.0
Sky Force Reloaded,"December 1, 2017",86,7.0
NBA 2K16,"September 25, 2015",86,6.2
Titanfall,"March 11, 2014",86,6.7
Diablo III: Ultimate Evil Edition,"August 19, 2014",86,7.6
Resident Evil 7: biohazard,"January 24, 2017",86,8.0
Killer Instinct: Definitive Edition,"September 20, 2016",86,8.0
Dragon Ball FighterZ,"January 26, 2018",86,7.6
Destiny 2: Forsaken,"September 4, 2018",86,5.5
Mega Man X Legacy Collection,"July 24, 2018",86,8.7
Oddworld: Abe's Oddysee - New 'n' Tasty,"March 27, 2015",86,8.0
Tomb Raider: Definitive Edition,"January 28, 2014",86,7.9
Mortal Kombat 11,"April 23, 2019",86,3.4
Rise of the Tomb Raider,"November 10, 2015",86,8.0
Forza Horizon 2,"September 30, 2014",86,8.3
The Last Campfire,"August 27, 2020",86,7.7
Observer,"August 15, 2017",86,7.4
Dying Light: The Following,"February 9, 2016",86,8.3
DiRT 4,"June 6, 2017",86,6.8
Forza Motorsport 7,"September 29, 2017",86,6.4
Mortal Kombat X,"April 14, 2015",86,7.6
Dark Souls Remastered,"May 25, 2018",86,7.9
Stardust Galaxy Warriors: Stellar Climax,"September 9, 2016",85,7.9
NHL 20,"September 10, 2019",85,4.3
Hitman,"October 31, 2016",85,8.0
Thronebreaker: The Witcher Tales,"December 4, 2018",85,6.9
Firewatch,"September 21, 2016",85,5.7
What Lies in the Multiverse,"March 4, 2022",85,tbd
Pinball FX 2,"August 14, 2014",85,7.1
Guacamelee! 2,"January 18, 2019",85,6.6
Killer Instinct Season 2,"September 23, 2014",85,7.1
Call of Duty: Black Ops 4,"October 12, 2018",85,4.1
OlliOlli World,"February 8, 2022",85,6.4
Batman: Arkham Knight,"June 23, 2015",85,7.4
Assassin's Creed Origins,"October 27, 2017",85,7.7
Dragon Age: Inquisition,"November 18, 2014",85,7.1
Axiom Verge,"September 30, 2016",85,7.6
Dark Souls III: The Ringed City,"March 28, 2017",85,8.3
The Walking Dead: The Telltale Series - The Final Season Episode 4: Take Us Back,"March 26, 2019",85,7.9
The Outer Worlds,"October 25, 2019",85,8.2
Planet Coaster: Console Edition,"November 10, 2020",85,7.4
Freshly Frosted,"June 10, 2022",85,tbd
F1 2016,"August 19, 2016",85,7.8
Final Fantasy X / X-2 HD Remaster,"April 16, 2019",85,6.8
Halo: The Master Chief Collection,"November 11, 2014",85,7.9
Sayonara Wild Hearts,"February 25, 2020",85,6.9
Pro Evolution Soccer 2016,"September 15, 2015",85,6.0
Age of Wonders: Planetfall,"August 6, 2019",85,6.5
Pinball FX3,"September 26, 2017",85,6.6
LIMBO,"December 5, 2014",85,8.0
Forza Horizon 4: Fortune Island,"December 13, 2018",85,7.6
PlayerUnknown's Battlegrounds,"September 4, 2018",85,5.1
Life is Strange,"October 20, 2015",85,8.6
Monster Boy and the Cursed Kingdom,"December 4, 2018",85,7.9
Shadow Tactics: Blades of the Shogun,"August 1, 2017",85,8.4
Fortnite,"July 21, 2017",85,3.8
The Walking Dead: The Telltale Definitive Series,"September 10, 2019",85,7.9
Trials Rising,"February 26, 2019",85,5.5
NBA 2K18,"September 15, 2017",85,1.8
Outer Wilds,"May 30, 2019",85,8.1
Desperados III,"June 16, 2020",85,7.2
Enter The Gungeon,"April 5, 2017",85,8.3
Tunic,"March 16, 2022",85,7.1
Project CARS 2,"September 22, 2017",84,5.6
Crash Team Racing: Nitro-Fueled,"June 21, 2019",84,6.2
Kentucky Route Zero: TV Edition,"January 28, 2020",84,5.9
Velocity 2X,"August 19, 2015",84,7.3
Rare Replay,"August 4, 2015",84,7.9
The Touryst,"July 30, 2020",84,7.1
AI: The Somnium Files - nirvanA Initiative,"June 24, 2022",84,8.7
South Park: The Fractured But Whole,"October 17, 2017",84,8.0
Wasteland 3,"August 28, 2020",84,7.6
Unsighted,"September 30, 2021",84,7.4
FIFA 17,"September 27, 2016",84,5.3
BioShock: The Collection,"September 13, 2016",84,8.6
Assassin's Creed Origins: The Curse of the Pharaohs,"March 13, 2018",84,7.3
Prey,"May 5, 2017",84,8.2
Gears 5,"September 6, 2019",84,8.2
Ruined King: A League of Legends Story,"November 16, 2021",84,5.2
The Colonists,"May 4, 2021",84,8.6
For the King,"May 7, 2019",84,7.3
Gears of War 4,"October 11, 2016",84,7.0
Halo 5: Guardians,"October 27, 2015",84,6.4
Terraria,"November 14, 2014",84,8.0
F1 2017,"August 25, 2017",84,7.3
Sam & Max Save the World Remastered,"August 10, 2021",84,tbd
F1 2018,"August 24, 2018",84,8.0
Battle Chasers: Nightwar,"October 3, 2017",84,7.1
Yooka-Laylee and the Impossible Lair,"October 8, 2019",84,6.4
SoulCalibur VI,"October 19, 2018",84,5.2
Frostpunk: Console Edition,"October 11, 2019",84,8.2
The Missing: JJ Macfield and the Island of Memories,"October 11, 2018",84,7.0
The Banner Saga 2,"July 1, 2016",84,7.7
EVERSPACE,"September 23, 2016",84,6.3
The Jackbox Party Pack 4,"October 20, 2017",84,6.6
Dishonored: Death of the Outsider,"September 15, 2017",84,7.8
Nidhogg 2,"July 19, 2018",84,tbd
Welcome to Elk,"September 17, 2020",84,tbd
Two Point Hospital,"February 25, 2020",84,6.6
Bloodstained: Ritual of the Night,"June 18, 2019",84,8.0
FRU,"July 13, 2016",84,6.9
Thimbleweed Park,"March 30, 2017",84,7.4
Metro Redux,"August 26, 2014",84,8.1
Race The Sun,"April 21, 2017",84,7.5
Moonlighter,"May 29, 2018",84,7.7
FAR: Lone Sails,"April 2, 2019",84,5.9
Assault Android Cactus,"November 7, 2017",84,6.6
Hitman 2,"November 9, 2018",84,8.1
Madden NFL 16,"August 25, 2015",84,6.0
Heroes of Hammerwatch - Ultimate Edition,"July 31, 2020",84,tbd
Control,"August 27, 2019",84,7.6
FIFA 16,"September 22, 2015",84,4.4
Resident Evil 3,"April 3, 2020",84,6.4
Rogue Legacy,"May 27, 2015",84,7.3
Inertial Drift,"September 11, 2020",84,tbd
Lair of the Clockwork God,"September 4, 2020",84,tbd
Rainbow Billy: The Curse of the Leviathan,"October 5, 2021",84,tbd
Final Fantasy XV,"November 29, 2016",83,7.8
Chicken Police - Paint it RED!,"November 5, 2020",83,6.4
NieR Replicant ver.1.22474487139...,"April 23, 2021",83,8.4
FIFA 18,"September 26, 2017",83,3.4
Overcooked! 2,"August 7, 2018",83,7.0
Life is Strange 2: Episode 5 - Wolves,"December 3, 2019",83,7.1
Kaze and the Wild Masks,"March 26, 2021",83,7.9
Rune Factory 4 Special,"December 7, 2021",83,tbd
Sonic Mania,"August 15, 2017",83,7.5
Bayonetta & Vanquish,"February 18, 2020",83,9.1
Wreckfest,"August 26, 2019",83,6.8
Forgotton Anne,"May 15, 2018",83,7.2
Port Royale 4,"September 25, 2020",83,tbd
Chrono Cross: The Radical Dreamers Edition,"April 7, 2022",83,3.3
Crash Bandicoot 4: It's About Time,"October 2, 2020",83,8.4
DIRT 5,"November 3, 2020",83,6.1
NBA 2K19,"September 7, 2018",83,2.9
Madden NFL 17,"August 23, 2016",83,5.4
SteamWorld Dig,"June 5, 2015",83,7.9
Battlefield 1: They Shall Not Pass,"March 14, 2017",83,6.5
theHunter: Call of the Wild,"October 2, 2017",83,5.6
Baldur's Gate and Baldur's Gate II: Enhanced Editions,"October 15, 2019",83,6.0
Deus Ex: Mankind Divided,"August 23, 2016",83,8.0
Castle Crashers Remastered,"September 9, 2015",83,8.0
ABZU,"December 6, 2016",83,7.9
Bastion,"December 12, 2016",83,8.3
Crypt of the NecroDancer,"February 10, 2017",83,7.6
Knockout City,"May 21, 2021",83,6.4
Super Mega Baseball 3,"May 13, 2020",83,7.0
WRC 9 FIA World Rally Championship,"September 4, 2020",83,4.8
SUPERHOT,"May 3, 2016",83,7.8
Natsuki Chronicles,"December 25, 2019",83,7.9
Path of Exile: The Fall of Oriath,"August 24, 2017",83,7.3
Little Nightmares,"April 28, 2017",83,8.2
Deep Rock Galactic,"May 13, 2020",83,7.8
A Plague Tale: Innocence,"May 14, 2019",83,8.6
Spyro Reignited Trilogy,"November 13, 2018",83,7.4
Yoku's Island Express,"May 29, 2018",83,7.8
FIFA 19,"September 25, 2018",83,2.5
OlliOlli2: XL Edition,"May 24, 2016",83,7.0
Owlboy,"April 10, 2018",83,6.3
Warhammer: Vermintide 2,"July 11, 2018",83,6.7
Quiplash,"June 30, 2015",83,7.4
Batman: The Telltale Series - Episode 2: Children of Arkham,"September 20, 2016",83,6.9
Don Bradman Cricket 17,"December 15, 2016",83,7.7
Chess Ultra,"June 23, 2017",83,tbd
Steve Jackson's Sorcery!,"June 23, 2022",83,tbd
SOMA,"December 1, 2017",82,8.5
Gears of War: Ultimate Edition,"August 25, 2015",82,7.7
Super Hydorah,"September 20, 2017",82,6.9
Supraland,"October 22, 2020",82,7.4
Stealth Inc 2: A Game of Clones,"April 3, 2015",82,6.3
Streets of Rage 4,"April 30, 2020",82,7.9
The Sexy Brutale,"April 11, 2017",82,7.1
Child of Light,"April 30, 2014",82,7.7
Darkestville Castle,"August 13, 2020",82,tbd
Shadow of the Tomb Raider,"September 12, 2018",82,7.5
Forza Horizon 2: Storm Island,"December 16, 2014",82,7.6
Geometry Wars 3: Dimensions,"November 26, 2014",82,7.5
SUPERHOT: MIND CONTROL DELETE,"July 16, 2020",82,5.7
RiME,"May 26, 2017",82,7.4
The Eternal Cylinder,"September 30, 2021",82,tbd
Ghosts 'n Goblins Resurrection,"June 1, 2021",82,5.7
NHL 19,"September 11, 2018",82,6.0
Operencia: The Stolen Sun,"March 29, 2019",82,7.2
Blazing Chrome,"July 11, 2019",82,7.9
Lovers in a Dangerous Spacetime,"September 9, 2015",82,7.3
World of Warships: Legends,"April 16, 2019",82,7.8
Tom Clancy's The Division 2,"March 12, 2019",82,5.9
Borderlands 3,"September 13, 2019",82,5.7
Blasphemous,"September 10, 2019",82,7.8
FIFA 15,"September 23, 2014",82,5.4
Prey: Mooncrash,"June 10, 2018",82,6.7
Tales From The Borderlands: Episode 1 - Zer0 Sum,"November 26, 2014",82,7.9
MouseCraft,"January 21, 2022",82,tbd
Insurgency: Sandstorm,"September 29, 2021",82,7.4
Hand of Fate 2,"December 1, 2017",82,8.4
10 Second Ninja X,"July 19, 2016",82,4.4
Cake Bash,"October 15, 2020",82,6.8
SNK 40th Anniversary Collection,"May 3, 2019",82,7.0
eFootball PES 2020,"September 10, 2019",82,7.1
AVICII Invector,"December 10, 2019",82,8.3
Borderlands 3: Moxxi's Heist of the Handsome Jackpot,"December 19, 2019",82,6.9
Railway Empire: Complete Collection,"August 7, 2020",82,tbd
Gears 5: Hivebusters,"December 15, 2020",82,7.7
Sam & Max: Beyond Time and Space Remastered,"December 8, 2021",82,tbd
Far Cry 5,"March 27, 2018",82,7.1
The Evil Within 2,"October 13, 2017",82,8.9
Pro Evolution Soccer 2019,"August 28, 2018",82,6.6
Assassin's Creed Valhalla,"November 10, 2020",82,7.1
The Elder Scrolls V: Skyrim Special Edition,"October 28, 2016",82,7.8
DiRT Rally 2.0,"February 26, 2019",82,7.4
Capcom Fighting Collection,"June 24, 2022",82,6.6
Pro Evolution Soccer 2018,"September 12, 2017",82,7.1
EA SPORTS UFC 4,"August 14, 2020",82,2.0
NBA 2K15,"October 7, 2014",82,6.2
Will You Snail?,"March 9, 2022",82,tbd
Kingdom Hearts HD 2.8 Final Chapter Prologue,"February 18, 2020",82,7.9
MotoGP 20,"April 23, 2020",82,6.4
Indivisible,"October 8, 2019",82,6.2
Chernobylite,"September 28, 2021",82,6.9
Metro Exodus,"February 15, 2019",82,7.3
Far Cry 4,"November 18, 2014",82,7.7
Resident Evil HD Remaster,"January 20, 2015",82,8.5
Rock Band Rivals,"October 18, 2016",82,6.8
Tom Clancy's The Division 2: Warlords of New York,"March 3, 2020",82,2.9
Life is Strange: Before the Storm,"August 31, 2017",82,8.1
So Many Me,"July 16, 2015",82,6.4
Streets of Rogue,"July 12, 2019",82,tbd
Madden NFL 18,"August 22, 2017",82,4.3
Dauntless,"May 21, 2019",82,4.8
Bulletstorm: Full Clip Edition,"April 7, 2017",82,7.0
forma.8,"February 24, 2017",82,tbd
Final Fantasy VIII Remastered,"September 3, 2019",82,6.0
Smelter,"April 22, 2021",82,tbd
Kalimba,"December 17, 2014",81,7.4
Call of the Sea,"December 8, 2020",81,7.6
Tekken 7,"June 2, 2017",81,6.3
Brothers: A Tale of Two Sons,"August 12, 2015",81,8.0
Battlefield 4,"November 19, 2013",81,6.8
Call of Duty: Black Ops III,"November 6, 2015",81,5.1
The Elder Scrolls Online: Summerset,"June 5, 2018",81,6.8
Stellaris: Console Edition,"February 26, 2019",81,7.6
Super Mega Baseball 2,"May 1, 2018",81,7.2
World of Final Fantasy Maxima,"November 6, 2018",81,7.8
Call of Duty: Advanced Warfare,"November 3, 2014",81,5.6
Star Wars Jedi: Fallen Order,"November 15, 2019",81,8.2
Unravel Two,"June 9, 2018",81,7.5
Irony Curtain: From Matryoshka with Love,"June 28, 2019",81,7.2
Underhero,"February 14, 2020",81,6.8
Let's Sing Queen,"October 2, 2020",81,tbd
Jurassic World Evolution 2,"November 9, 2021",81,7.3
Life is Strange: Before the Storm - Episode 3: Hell is Empty,"December 20, 2017",81,7.6
Untitled Goose Game,"December 17, 2019",81,7.5
Yakuza Kiwami,"April 22, 2020",81,8.1
Nexomon: Extinction,"September 25, 2020",81,7.5
Gunborg: Dark Matters,"March 4, 2022",81,tbd
Weird West,"March 31, 2022",81,7.3
Guitar Hero Live,"October 20, 2015",81,5.0
Batman: The Enemy Within - Episode 4: What Ails You,"January 22, 2018",81,6.0
Sunset Overdrive,"October 28, 2014",81,7.9
Watch Dogs 2,"November 15, 2016",81,7.8
Madden NFL 19,"August 10, 2018",81,2.9
The Gardens Between,"November 29, 2018",81,7.1
Radical Rabbit Stew,"July 16, 2020",81,8.3
Omensight: Definitive Edition,"June 7, 2019",81,8.3
Planescape: Torment: Enhanced Edition / Icewind Dale: Enhanced Edition,"October 15, 2019",81,tbd
Fuser,"November 10, 2020",81,7.8
Hidden Through Time,"March 12, 2020",81,6.2
The Yakuza Remastered Collection,"January 28, 2021",81,8.3
SnowRunner,"April 28, 2020",81,6.9
Middle-earth: Shadow of War,"October 10, 2017",81,4.6
Cyber Shadow,"January 26, 2021",81,7.4
Awesomenauts Assemble!,"September 7, 2016",81,7.6
Crysis Remastered Trilogy,"October 15, 2021",81,7.5
Pinball FX3: Jurassic World Pinball,"February 20, 2018",81,tbd
Laser League,"May 10, 2018",81,7.5
Project CARS,"May 12, 2015",81,5.7
Flynn: Son of Crimson,"September 15, 2021",81,7.1
CrossCode,"July 9, 2020",81,7.2
Bear With Me: The Complete Collection,"July 31, 2019",81,tbd
Crown Trick,"September 7, 2021",81,7.4
Neon Abyss,"July 14, 2020",81,6.8
NHL 21,"October 13, 2020",81,3.1
Genesis Noir,"March 26, 2021",81,7.2
Valiant Hearts: The Great War,"June 25, 2014",81,8.0
Maldita Castilla EX: Cursed Castilla,"July 20, 2016",81,7.6
Valkyria Chronicles 4,"September 25, 2018",81,7.3
Green Hell,"June 9, 2021",81,7.9
Remnant: From the Ashes,"August 20, 2019",81,7.3
Cities: Skylines - Xbox One Edition,"April 21, 2017",81,6.6
Ys Origin,"April 11, 2018",81,7.8
Aragami: Shadow Edition,"June 5, 2018",81,6.5
PHOGS!,"December 3, 2020",81,5.6
Enigmatis 2: The Mists of Ravenwood,"November 25, 2016",81,tbd
GRIDD: Retroenhanced,"July 26, 2017",81,tbd
Morbid: The Seven Acolytes,"December 3, 2020",81,6.7
Sniper Elite 4,"February 14, 2017",81,7.8
Halo Wars: Definitive Edition,"February 21, 2017",81,7.6
Wargroove,"February 1, 2019",81,5.4
Lumines Remastered,"June 26, 2018",81,6.8
Subnautica,"December 4, 2018",81,8.6
Unpacking,"November 2, 2021",81,7.0
Call of Duty: Modern Warfare,"October 25, 2019",80,3.9
Plants vs Zombies: Garden Warfare 2,"February 23, 2016",80,8.0
Pac-Man 256,"June 21, 2016",80,7.3
Tales of Vesperia: Definitive Edition,"January 11, 2019",80,7.6
Darksiders: Warmastered Edition,"November 22, 2016",80,8.4
Shantae: Half-Genie Hero,"December 20, 2016",80,7.8
Phoenix Wright: Ace Attorney Trilogy,"April 9, 2019",80,7.7
LEGO Dimensions,"September 27, 2015",80,7.0
Shady Part of Me,"December 10, 2020",80,7.6
Super Time Force,"May 14, 2014",80,6.5
Life is Strange: Episode 5 - Polarized,"October 20, 2015",80,8.3
King's Quest Chapter 3: Once Upon a Climb,"April 26, 2016",80,5.7
Game of Thrones: Episode Three - The Sword in the Darkness,"March 25, 2015",80,7.8
NeuroVoider,"March 17, 2017",80,tbd
Lost Words: Beyond the Page,"April 6, 2021",80,8.1
River City Girls,"September 5, 2019",80,7.1
Sine Mora EX,"August 8, 2017",80,8.1
Trine 4: The Nightmare Prince,"October 8, 2019",80,7.1
Overcooked!,"August 3, 2016",80,7.2
The Bug Butcher,"October 19, 2016",80,7.4
Tetris Effect: Connected,"November 10, 2020",80,7.9
Friday the 13th: Killer Puzzle,"September 18, 2020",80,tbd
Virginia,"September 22, 2016",80,5.7
Mega Man Zero / ZX Legacy Collection,"February 25, 2020",80,7.9
Death Squared,"March 14, 2017",80,6.3
WindJammers 2,"January 20, 2022",80,6.3
Trials Fusion,"April 16, 2014",80,7.1
Life is Strange: Episode 3 - Chaos Theory,"May 19, 2015",80,8.4
Game of Thrones: Episode One - Iron From Ice,"December 3, 2014",80,7.9
Naruto Shippuden: Ultimate Ninja Storm 4,"February 9, 2016",80,8.4
Borderlands: The Handsome Collection,"March 24, 2015",80,8.0
Wonder Boy: The Dragon's Trap,"April 18, 2017",80,7.3
The Evil Within: The Assignment,"March 10, 2015",80,9.2
Game of Thrones: Episode Six - The Ice Dragon,"November 17, 2015",80,7.9
Project CARS: Game of the Year Edition,"May 6, 2016",80,4.8
Mutant Year Zero: Road to Eden,"December 4, 2018",80,8.0
Gorogoa,"May 22, 2018",80,6.7
The Walking Dead: The Telltale Series - The Final Season Episode 3: Broken Toys,"January 15, 2019",80,7.7
Final Fantasy XII: The Zodiac Age,"April 30, 2019",80,8.0
Castlevania Anniversary Collection,"May 16, 2019",80,7.7
Telling Lies,"April 28, 2020",80,5.4
Foregone,"October 13, 2020",80,tbd
Akane,"September 20, 2022",80,tbd
Mega Man Legacy Collection,"August 25, 2015",80,8.4
Super Mega Baseball: Extra Innings,"August 14, 2015",80,7.1
Hand of Fate,"February 18, 2015",80,7.7
NHL 16,"September 15, 2015",80,6.0
Outlast,"June 19, 2014",80,7.9
Valfaris,"November 15, 2019",80,7.8
Aaero,"April 11, 2017",80,7.1
Street Fighter: 30th Anniversary Collection,"May 29, 2018",80,7.6
Slime Rancher,"August 1, 2017",80,7.6
Fury Unleashed,"May 8, 2020",80,5.0
Dragon's Dogma: Dark Arisen,"October 3, 2017",80,7.7
Darkwood,"May 17, 2019",80,7.1
Pumpkin Jack,"October 23, 2020",80,6.8
The Turing Test,"August 30, 2016",80,7.4
Kingdom Hearts III,"January 29, 2019",80,8.2
Children of Morta,"October 15, 2019",80,8.3
The Adventure Pals,"April 3, 2018",80,7.2
Borderlands: Game of the Year Edition,"April 3, 2019",80,7.3
Plague Inc: Evolved,"September 18, 2015",80,7.5
The Golf Club 2019 featuring PGA Tour,"August 28, 2018",80,5.0
Tom Clancy's The Division,"March 8, 2016",80,6.9
Madden NFL 15,"August 26, 2014",80,6.3
Armello,"August 30, 2016",80,6.1
Life is Strange 2: Episode 1 - Roads,"September 27, 2018",80,5.5
Endling - Extinction is Forever,"July 19, 2022",80,8.9
Superliminal,"July 7, 2020",80,9.6
Arise: A Simple Story,"December 3, 2019",80,8.1
King's Quest Chapter 1: A Knight to Remember,"July 29, 2015",80,7.9
Young Souls,"March 10, 2022",80,4.8
Game of Thrones: Episode Four - Sons of Winter,"May 26, 2015",80,7.2
Elite: Dangerous,"October 6, 2015",80,6.9
The Jackbox Party Pack 2,"October 13, 2015",80,7.8
The Artful Escape,"September 9, 2021",80,8.0
Roundguard,"March 13, 2020",80,tbd
Salt and Sanctuary,"February 6, 2019",80,6.9
TowerFall Ascension,"January 25, 2017",80,7.2
SMITE,"August 19, 2015",80,7.3
Call of Duty: WWII,"November 3, 2017",80,4.8
World of Van Helsing: Deathtrap,"December 30, 2016",80,6.9
Slime-san: Superslime Edition,"June 22, 2018",80,7.6
Omega Strike,"June 15, 2018",80,tbd
War Thunder,"June 19, 2018",80,3.5
NBA 2K20,"September 6, 2019",80,1.6
Gaijin Charenji 1: Kiss or Kill,"September 4, 2019",80,7.5
New Super Lucky's Tale,"August 21, 2020",80,6.8
ISLANDERS: Console Edition,"August 25, 2021",80,tbd
Train Valley: Console Edition,"July 27, 2022",80,tbd
Forza Motorsport 5,"November 22, 2013",79,6.0
Lost Orbit: Terminal Velocity,"July 16, 2019",79,tbd
A Way Out,"March 23, 2018",79,7.8
Little Nightmares II,"February 11, 2021",79,8.3
Hotshot Racing,"September 10, 2020",79,7.8
Rock Band 4,"October 6, 2015",79,6.5
Amnesia Collection,"September 28, 2018",79,7.8
"Warhammer 40,000: Mechanicus","July 17, 2020",79,7.4
The Evil Within,"October 14, 2014",79,8.3
Steredenn,"April 1, 2016",79,6.5
Shantae and the Pirate's Curse,"March 16, 2016",79,8.1
Yu-Gi-Oh! Legacy of the Duelist: Link Evolution,"March 24, 2020",79,7.0
Flipping Death,"August 7, 2018",79,6.3
Pinball FX 2: Star Wars Pinball - Rogue One,"January 31, 2017",79,tbd
The Council - Episode 1: The Mad Ones,"March 13, 2018",79,7.8
Project Warlock,"June 12, 2020",79,6.2
8-Bit Adventure Anthology: Volume One,"October 31, 2017",79,tbd
20XX,"July 11, 2018",79,8.0
For Honor,"February 14, 2017",79,5.9
Ace Combat 7: Skies Unknown,"January 18, 2019",79,7.8
Mortal Kombat 11: Aftermath,"May 26, 2020",79,6.9
Crash Bandicoot N. Sane Trilogy,"June 29, 2018",79,7.5
Pacer,"February 4, 2021",79,6.2
Life is Strange: Before the Storm - Episode 1: Awake,"August 31, 2017",79,7.8
Killing Floor 2,"August 29, 2017",79,5.5
Pinball FX3 - Star Wars: The Last Jedi,"April 17, 2018",79,tbd
Life is Strange 2,"September 27, 2018",79,6.5
Call of Duty: Warzone,"March 10, 2020",79,4.2
The Outer Worlds: Peril on Gorgon,"September 9, 2020",79,7.1
Stories Untold,"October 27, 2020",79,6.5
Grow: Song of the Evertree,"November 16, 2021",79,tbd
Pathfinder: Wrath of the Righteous,"September 29, 2022",79,tbd
FIFA 20,"September 24, 2019",79,1.8
Wolfenstein: The New Order,"May 20, 2014",79,8.1
Hitman - Episode 2: Sapienza,"April 26, 2016",79,6.7
Full Mojo Rampage,"June 28, 2016",79,tbd
Flinthook,"April 18, 2017",79,5.7
Pit People,"March 2, 2018",79,7.8
Madden NFL 20,"July 30, 2019",79,2.0
GRID,"October 11, 2019",79,5.4
Torment: Tides of Numenera,"February 28, 2017",79,6.5
8-Bit Armies,"September 21, 2018",79,tbd
Mystik Belle,"October 3, 2017",79,tbd
Wizard of Legend,"May 15, 2018",79,6.9
Black Book,"August 10, 2021",79,7.4
Song of Horror,"May 28, 2021",79,7.8
Burnout Paradise Remastered,"March 16, 2018",79,7.0
Tacoma,"August 2, 2017",79,6.2
Halo Wars 2,"February 17, 2017",79,6.4
Ashes Cricket,"November 16, 2017",79,8.0
Pro Evolution Soccer 2015,"November 11, 2014",79,6.7
The Surge: A Walk in the Park,"December 5, 2017",79,tbd
Tandem: A Tale of Shadows,"October 21, 2021",79,tbd
Victor Vran: Overkill Edition,"May 30, 2017",79,7.0
World to the West,"May 5, 2017",79,tbd
The Book of Unwritten Tales 2,"September 18, 2015",79,7.5
Mantis Burn Racing,"October 12, 2016",79,7.1
God's Trigger,"April 18, 2019",79,7.6
Lonely Mountains: Downhill,"October 23, 2019",79,6.7
"Guns, Gore & Cannoli 2","October 12, 2018",79,6.8
Mafia: Definitive Edition,"September 25, 2020",79,7.4
Olija,"January 28, 2021",79,7.3
The Walking Dead: The Telltale Series - A New Frontier Episode 2: Ties That Bind Part Two,"December 20, 2016",78,6.8
DG2: Defense Grid 2,"September 24, 2014",78,7.0
This War of Mine: The Little Ones,"January 29, 2016",78,8.1
Torchlight II,"September 3, 2019",78,7.4
Relicta,"August 4, 2020",78,6.4
Layers of Fear,"February 16, 2016",78,7.0
Ultimate Marvel vs. Capcom 3,"March 7, 2017",78,8.4
Turok 2: Seeds of Evil Remaster,"March 2, 2018",78,8.2
GreedFall,"September 10, 2019",78,7.7
Tell Me Why,"August 27, 2020",78,5.9
SUPERBEAT: XONiC,"June 7, 2017",78,tbd
Control: The Foundation,"June 25, 2020",78,5.1
Alien: Isolation,"October 7, 2014",78,8.2
Horizon Chase Turbo,"November 28, 2018",78,7.8
Freedom Finger,"March 24, 2020",78,8.5
The Walking Dead: The Telltale Series - The Final Season,"August 14, 2018",78,7.9
The Surge 2,"September 24, 2019",78,6.6
The Jackbox Party Pack,"November 19, 2014",78,7.7
Skylanders Imaginators,"October 16, 2016",78,5.4
Shadow Warrior 2,"May 19, 2017",78,6.4
Visage,"October 30, 2020",78,4.2
Dungeon of the Endless,"March 16, 2016",78,7.5
Bleed 2,"February 9, 2018",78,7.0
Yonder: The Cloud Catcher Chronicles,"February 27, 2019",78,7.7
Blackwood Crossing,"April 5, 2017",78,6.7
Candleman,"February 1, 2017",78,7.1
The Walking Dead: The Telltale Series - A New Frontier Episode 1: Ties That Bind Part One,"December 20, 2016",78,6.6
Battlefield V,"November 15, 2018",78,3.1
Ashen,"December 7, 2018",78,7.1
Mages of Mystralia,"August 25, 2017",78,tbd
Marvel's Guardians of the Galaxy - Episode 2: Under Pressure,"June 6, 2017",78,4.6
Exit the Gungeon,"November 13, 2020",78,tbd
Spellbreak,"September 3, 2020",78,7.5
Adios,"March 17, 2021",78,4.6
Capcom Arcade 2nd Stadium,"July 22, 2022",78,tbd
Ken Follett's The Pillars of the Earth,"August 15, 2017",78,7.3
Q.U.B.E. 2,"March 13, 2018",78,7.3
Moving Out,"April 28, 2020",78,6.9
Watch Dogs,"May 27, 2014",78,6.2
The Walking Dead: Michonne - Episode 2: Give No Shelter,"March 29, 2016",78,6.7
OlliOlli,"March 6, 2015",78,5.4
Headlander,"November 18, 2016",78,7.1
Resident Evil: Revelations,"August 29, 2017",78,8.1
Broken Age,"June 23, 2017",78,5.3
Fallout 4: Far Harbor,"May 19, 2016",78,6.6
Skylanders Trap Team,"October 5, 2014",78,7.1
Immortal Redneck,"February 27, 2018",78,7.4
Disney Infinity 3.0 Edition,"August 30, 2015",78,5.8
My Brother Rabbit,"September 21, 2018",78,7.5
Call of Duty: Ghosts,"November 19, 2013",78,4.4
Assassin's Creed Syndicate,"October 23, 2015",78,6.7
Nightmare Boy,"October 25, 2017",78,tbd
Double Cross,"June 19, 2019",78,tbd
Tropico 6,"September 27, 2019",78,6.6
Bridge Constructor Portal,"February 28, 2018",78,6.4
Oxenfree,"January 15, 2016",78,7.7
Dead Rising 3,"November 22, 2013",78,6.9
Hue,"August 30, 2016",78,7.4
The Awesome Adventures of Captain Spirit,"June 26, 2018",78,7.8
Samurai Shodown,"June 25, 2019",78,7.3
RIDE 4,"October 5, 2020",78,5.3
Creature in the Well,"September 6, 2019",78,5.9
Kill It With Fire,"March 4, 2021",78,7.6
Midnight Fight Express,"August 23, 2022",78,7.6
Scott Pilgrim vs. the World: The Game - Complete Edition,"January 14, 2021",78,7.4
Tales From The Borderlands: Episode 2 - Atlas Mugged,"March 17, 2015",78,7.6
PGA Tour 2K21,"August 21, 2020",78,6.0
Call of Duty: Infinite Warfare,"November 4, 2016",78,4.4
Ironcast,"March 4, 2016",78,tbd
Starlink: Battle for Atlas,"October 16, 2018",78,6.6
Star Wars: Squadrons,"October 2, 2020",78,5.0
The Magic Circle: Gold Edition,"June 29, 2016",78,tbd
Aqua Kitty UDX,"February 3, 2017",78,tbd
MXGP3: The Official Motocross Videogame,"June 20, 2017",78,5.1
The Walking Dead: The Telltale Series Collection,"December 5, 2017",78,7.8
Stories: The Path of Destinies,"March 22, 2019",78,7.8
Spaceland,"February 14, 2020",78,tbd
Let's Sing 2021,"November 13, 2020",78,tbd
Rain on Your Parade,"April 15, 2021",78,8.0
Railway Empire,"January 30, 2018",77,6.8
Regalia: Of Men and Monarchs - Royal Edition,"April 13, 2018",77,tbd
Death Road to Canada,"May 8, 2018",77,tbd
Letter Quest: Grimm's Journey Remastered,"April 8, 2016",77,6.0
The Inner World,"March 31, 2017",77,2.8
The Jackbox Party Pack 6,"October 17, 2019",77,tbd
No Man's Sky,"July 24, 2018",77,7.5
Just Dance 2019,"October 23, 2018",77,5.8
Far Cry Primal,"February 23, 2016",77,6.8
Livelock,"August 30, 2016",77,6.6
Sky Force Anniversary,"December 9, 2016",77,6.5
Aven Colony,"July 25, 2017",77,7.9
Mega Man 11,"October 2, 2018",77,8.7
Wasteland 2: Director's Cut,"October 13, 2015",77,6.9
The Elder Scrolls Online: Tamriel Unlimited,"June 9, 2015",77,8.3
LEGO City Undercover,"April 4, 2017",77,7.2
EA Sports UFC 3,"January 30, 2018",77,5.2
Riddled Corpses EX,"June 6, 2018",77,7.9
The Dungeon of Naheulbeuk: The Amulet of Chaos,"June 24, 2021",77,9.6
Golf Club: Wasteland,"September 3, 2021",77,tbd
The Wanderer: Frankenstein's Creature,"March 16, 2022",77,tbd
The Escapists 2,"August 22, 2017",77,6.6
ONRUSH,"June 5, 2018",77,6.3
Naruto Shippuden: Ultimate Ninja Storm 4 - Road to Boruto Expansion,"February 3, 2017",77,7.6
Furi,"December 2, 2016",77,7.3
Outlast 2,"April 25, 2017",77,7.4
Samurai Warriors 5,"July 27, 2021",77,7.7
Mega Man X Legacy Collection 1 + 2,"July 24, 2018",77,8.6
11-11: Memories Retold,"November 9, 2018",77,7.4
Circuit Superstars - Top Gear Time Attack,"March 5, 2021",77,tbd
Batman: The Enemy Within - Episode 1: The Enigma,"August 8, 2017",77,4.7
Quantum Break,"April 5, 2016",77,7.3
The Council - Episode 3: Ripples,"July 24, 2018",77,7.0
#IDARB,"January 30, 2015",77,6.9
Life is Strange: Episode 1 - Chrysalis,"January 30, 2015",77,8.3
OMNO,"July 29, 2021",77,7.5
Wulverblade,"January 31, 2018",77,7.4
NHL 17,"September 13, 2016",77,4.5
Minecraft: Story Mode - Episode 1: The Order of the Stone,"October 13, 2015",77,5.9
Electronic Super Joy,"January 20, 2016",77,tbd
Attack on Titan,"August 30, 2016",77,7.2
Batman: Return to Arkham,"October 18, 2016",77,8.6
Marvel vs. Capcom: Infinite,"September 19, 2017",77,5.3
Victor Vran,"May 30, 2017",77,6.2
Infinite Minigolf,"July 25, 2017",77,tbd
Mr. Shifty,"August 4, 2017",77,tbd
Assassin's Creed Origins: The Hidden Ones,"January 23, 2018",77,7.7
Farming Simulator 19,"November 20, 2018",77,7.1
One Finger Death Punch 2,"February 26, 2020",77,4.0
DOOM 64,"March 20, 2020",77,7.0
L.A. Noire,"November 14, 2017",77,7.7
Fantasia: Music Evolved,"October 21, 2014",77,7.4
FIFA 21,"October 6, 2020",77,1.4
Ziggurat,"March 20, 2015",77,8.1
Portal Knights,"May 23, 2017",77,6.4
Mosaic,"January 23, 2020",77,tbd
Farm Together,"January 19, 2019",77,7.5
Zombie Army 4: Dead War,"February 4, 2020",77,6.1
SEUM: Speedrunners from Hell,"September 22, 2017",77,7.5
Need for Speed: Hot Pursuit Remastered,"November 6, 2020",77,6.2
Unruly Heroes,"January 23, 2019",77,6.0
Ruiner,"September 26, 2017",77,7.6
NHL 18,"September 12, 2017",77,4.3
Darksiders Genesis,"February 14, 2020",77,5.8
MechaNika,"November 9, 2018",77,7.2
DOOM Eternal: The Ancient Gods Part Two,"March 18, 2021",77,7.1
Assassin's Creed III Remastered,"March 29, 2019",77,4.7
Warhammer: End Times - Vermintide,"October 4, 2016",77,6.8
The Vanishing of Ethan Carter,"January 19, 2018",77,8.2
Forza Horizon 4: LEGO Speed Champions,"June 13, 2019",77,5.9
Broken Sword 5: The Serpent's Curse,"September 4, 2015",77,7.0
Watch Dogs: Bad Blood,"September 30, 2014",77,6.1
Dreamfall Chapters,"May 5, 2017",77,6.8
Momodora: Reverie Under the Moonlight,"March 17, 2017",77,7.0
Steep: Road to the Olympics,"December 5, 2017",77,tbd
Assassin's Creed Syndicate: Jack the Ripper,"December 15, 2015",77,7.5
WWE 2K19,"October 5, 2018",77,5.7
Pac-Man Championship Edition 2,"September 13, 2016",77,8.5
Peggle 2,"December 9, 2013",77,7.1
Mothergunship,"July 17, 2018",77,7.5
Volgarr the Viking,"October 31, 2014",77,6.3
Embers of Mirrim,"May 24, 2017",77,tbd
Descenders,"May 15, 2018",77,6.4
Grim Legends 3: The Dark City,"May 11, 2018",77,tbd
The Shapeshifting Detective,"November 6, 2018",77,6.0
Disjunction,"January 28, 2021",77,tbd
PUSS!,"February 19, 2021",77,tbd
The Banner Saga,"January 12, 2016",76,8.1
D4: Dark Dreams Don't Die,"September 19, 2014",76,7.2
Batman: The Telltale Series - Episode 5: City of Light,"December 13, 2016",76,7.7
One Piece: Pirate Warriors 4,"March 27, 2020",76,7.3
The Council - Episode 2: Hide and Seek,"May 15, 2018",76,7.7
The LEGO NINJAGO Movie Video Game,"September 22, 2017",76,6.6
Dishonored: Definitive Edition,"August 25, 2015",76,8.3
Candle: The Power of the Flame,"July 25, 2018",76,tbd
Slipstream,"April 7, 2022",76,tbd
Saints Row: The Third Remastered,"May 22, 2020",76,7.3
Quest of Dungeons,"September 4, 2015",76,tbd
Deliver Us The Moon,"April 23, 2020",76,7.1
The Elder Scrolls Online: Morrowind,"June 6, 2017",76,6.3
de Blob 2,"February 27, 2018",76,7.6
Overdriven Reloaded: Special Edition,"February 9, 2018",76,tbd
Immortals Fenyx Rising,"December 3, 2020",76,7.1
Bonkies,"January 29, 2021",76,tbd
The Disney Afternoon Collection,"April 18, 2017",76,5.9
Fight'N Rage,"September 27, 2019",76,7.8
Peaky Blinders: Mastermind,"August 20, 2020",76,7.3
OkunoKA Madness,"September 8, 2020",76,tbd
Devil May Cry 4: Special Edition,"June 23, 2015",76,8.6
Strider,"February 19, 2014",76,7.0
WRC 8 FIA World Rally Championship,"September 8, 2019",76,6.0
Rival Megagun,"November 30, 2018",76,tbd
Truberbrook,"April 17, 2019",76,tbd
Dead or Alive 6,"March 1, 2019",76,8.5
The Evil Within: The Consequence,"April 21, 2015",76,9.1
Assassin's Creed IV: Black Flag - Freedom Cry,"December 17, 2013",76,7.1
Far Cry 4: Valley of the Yetis,"March 10, 2015",76,7.1
Trackmania Turbo,"March 22, 2016",76,7.3
The Long Dark,"August 1, 2017",76,6.6
Sublevel Zero Redux,"March 8, 2017",76,tbd
Octahedron,"March 20, 2018",76,7.6
LEGO Star Wars: The Skywalker Saga,"April 5, 2022",76,9.1
My Friend Pedro,"December 5, 2019",76,7.3
Edna & Harvey: The Breakout - 10th Anniversary Edition,"June 17, 2020",76,tbd
Time Loader,"March 10, 2022",76,tbd
World of Tanks,"July 28, 2015",76,5.3
Hyper Light Drifter,"July 26, 2016",76,6.4
EA Sports UFC 2,"March 15, 2016",76,5.7
Skylanders SuperChargers,"September 20, 2015",76,5.3
7th Sector,"February 5, 2020",76,6.8
Plants vs. Zombies: Battle for Neighborville,"October 18, 2019",76,5.5
Ghostrunner,"October 27, 2020",76,7.8
Westerado: Double Barreled,"December 9, 2016",76,tbd
World War Z: Aftermath,"September 21, 2021",76,tbd
Tom Clancy's Ghost Recon: Wildlands,"March 7, 2017",76,6.8
Resident Evil 4,"August 30, 2016",76,8.3
Close to the Sun,"October 29, 2019",76,5.4
Capcom Beat 'Em Up Bundle,"September 18, 2018",76,7.6
The Last Cube,"March 10, 2022",76,tbd
Journey to the Savage Planet,"January 28, 2020",76,6.4
Game of Thrones: Episode Two - The Lost Lords,"February 4, 2015",76,7.5
Carrion,"July 23, 2020",76,7.7
Plants vs Zombies: Garden Warfare,"February 25, 2014",76,7.5
Werewolf: The Apocalypse - Heart of the Forest,"February 24, 2021",76,tbd
Hunt: Showdown,"February 18, 2020",76,6.7
Q.U.B.E. Director's Cut,"July 24, 2015",76,6.9
Teslagrad,"March 9, 2016",76,6.5
Surviving Mars,"March 15, 2018",76,6.4
Assetto Corsa Competizione,"June 23, 2020",76,4.9
LEGO Star Wars: The Force Awakens,"June 28, 2016",76,6.7
JYDGE,"October 6, 2017",76,tbd
Formula Retro Racing,"May 15, 2020",76,tbd
Rad,"August 20, 2019",76,6.5
Mass Effect: Andromeda,"March 21, 2017",76,5.2
Stick it to the Man!,"August 28, 2014",76,7.5
Crawl,"April 11, 2017",76,6.6
Watch Dogs: Legion,"October 29, 2020",76,6.2
Yesterday Origins,"November 17, 2016",76,5.5
Life is Strange: Before the Storm - Episode 2: Brave New World,"October 19, 2017",76,7.7
RIDE 3,"November 30, 2018",76,6.9
Metal Gear Solid V: Ground Zeroes,"March 18, 2014",76,5.7
Jurassic World Evolution,"June 12, 2018",76,6.9
Rebel Galaxy,"January 13, 2016",76,7.1
Redout,"August 29, 2017",76,7.8
Punch Club,"March 31, 2017",76,7.4
Unit 4,"May 24, 2017",76,7.1
Serious Sam Collection,"November 17, 2020",76,4.8
Unravel,"February 9, 2016",75,8.1
Not A Hero: Super Snazzy Edition,"May 24, 2016",75,6.9
Darksiders II: Deathinitive Edition,"October 30, 2015",75,8.0
TT Isle of Man: Ride On The Edge 2,"March 19, 2020",75,5.9
Shantae and the Seven Sirens,"May 28, 2020",75,5.4
Code Vein,"September 27, 2019",75,7.5
Wolfenstein: The Old Blood,"May 5, 2015",75,8.3
Strange Brigade,"August 28, 2018",75,6.3
The Jackbox Party Pack 7,"October 15, 2020",75,tbd
Tempest 4000,"July 17, 2018",75,6.8
Minecraft: Story Mode - Episode 3: The Last Place You Look,"November 24, 2015",75,7.1
Unepic,"January 8, 2016",75,6.8
Wuppo,"November 10, 2017",75,tbd
Mercenary Kings: Reloaded Edition,"February 6, 2018",75,tbd
Need for Speed: Rivals,"November 22, 2013",75,5.8
Ghost of a Tale,"June 30, 2017",75,7.5
Void Bastards,"May 29, 2019",75,7.2
Lumini,"January 22, 2020",75,tbd
Hitman - Intro Pack,"March 11, 2016",75,4.4
The Persistence,"May 21, 2020",75,5.1
Tesla vs Lovecraft,"March 16, 2018",75,7.2
Atomicrops,"May 28, 2020",75,tbd
Mortal Shell,"August 18, 2020",75,7.1
Worms W.M.D,"August 23, 2016",75,7.4
Star Wars Battlefront,"November 17, 2015",75,4.6
Far Cry New Dawn,"February 15, 2019",75,4.6
Super Ultra Dead Rising 3' Arcade Remix Hyper Edition EX Plus Alpha,"June 9, 2014",75,6.2
Call of Duty: Advanced Warfare - Ascendance,"March 31, 2015",75,6.3
Call of Duty: Advanced Warfare - Reckoning,"August 4, 2015",75,5.3
Resident Evil 5,"June 28, 2016",75,7.4
Elite Dangerous: Horizons,"June 3, 2016",75,5.8
Drawful 2,"June 21, 2016",75,tbd
Stories of Bethem: Full Moon,"September 2, 2016",75,6.0
Batman: The Telltale Series - Episode 4: Guardian of Gotham,"November 22, 2016",75,6.6
Minecraft: Story Mode Season Two - Episode 2: Giant Consequences,"August 15, 2017",75,7.4
Night in the Woods,"December 13, 2017",75,6.1
The Mooseman,"July 18, 2018",75,tbd
Doughlings: Arcade,"August 3, 2018",75,7.7
The Walking Dead: The Telltale Series - The Final Season Episode 2: Suffer the Children,"September 25, 2018",75,7.9
The Walking Vegetables: Radical Edition,"January 23, 2019",75,tbd
MotoGP 19,"June 6, 2019",75,7.3
Drake Hollow,"August 28, 2020",75,6.3
ScourgeBringer,"October 21, 2020",75,6.8
Kingdom Hearts: Melody of Memory,"November 13, 2020",75,8.4
Vagante,"January 27, 2022",75,tbd
Adventures of Chris,"July 8, 2022",75,tbd
Raiden V,"May 11, 2016",75,7.8
Destiny,"September 9, 2014",75,5.5
Pinstripe,"February 7, 2018",75,8.0
The Little Acre,"December 13, 2016",75,7.4
Riptide GP: Renegade,"February 24, 2017",75,5.8
Full Metal Furies,"January 17, 2018",75,6.4
The Alto Collection,"August 13, 2020",75,tbd
Battlezone: Gold Edition,"May 1, 2018",75,tbd
Transformers: Devastation,"October 6, 2015",75,7.9
Table Top Racing: World Tour,"March 10, 2017",75,4.9
Mugsters,"July 17, 2018",75,tbd
Coffee Talk,"January 31, 2020",75,7.6
Resident Evil: Revelations 2,"March 17, 2015",75,7.9
Kerbal Space Program,"July 15, 2016",75,7.4
Sleeping Dogs: Definitive Edition,"October 14, 2014",75,8.3
NBA Live 19,"September 7, 2018",75,6.3
Black Desert,"March 4, 2019",75,6.3
Dandy Ace,"September 28, 2021",75,tbd
Afterparty,"October 29, 2019",75,6.8
Metrico+,"January 20, 2017",75,tbd
Prison Architect,"July 1, 2016",75,6.3
Chime Sharp,"February 24, 2017",75,2.1
Titanfall: Frontier's Edge,"July 31, 2014",75,5.9
Car Mechanic Simulator,"June 25, 2019",75,6.7
Dread Nautical,"April 29, 2020",75,3.5
Fallout 4: Nuka-World,"August 30, 2016",75,5.6
Samurai Jack: Battle Through Time,"August 21, 2020",75,8.2
Tropico 5 Penultimate Edition,"May 24, 2016",75,6.4
Seasons after Fall,"May 16, 2017",75,7.2
Neon City Riders,"March 12, 2020",75,tbd
Project Winter,"February 4, 2021",75,7.3
Stonefly,"June 1, 2021",75,tbd
Who Pressed Mute on Uncle Marcus?,"March 18, 2022",75,tbd
Evolve,"February 10, 2015",74,5.1
Minit,"April 3, 2018",74,6.6
Project Highrise: Architect's Edition,"October 23, 2018",74,tbd
Rock of Ages 3: Make & Break,"July 21, 2020",74,6.6
Resident Evil: Revelations 2 - Episode 2: Contemplation,"March 4, 2015",74,7.4
Hellmut: The Badass from Hell,"May 31, 2019",74,tbd
Sable,"September 23, 2021",74,5.8
Into the Pit,"October 19, 2021",74,6.2
Grim Legends: The Forsaken Bride,"June 10, 2016",74,tbd
Dance Central Spotlight,"September 2, 2014",74,6.8
Pinball FX 2: Iron and Steel Pack,"February 26, 2015",74,tbd
Tom Clancy's Rainbow Six Siege,"December 1, 2015",74,7.0
Onimusha: Warlords,"January 15, 2019",74,6.2
Monster Energy Supercross - The Official Videogame 3,"February 4, 2020",74,6.0
Need for Speed Heat,"November 8, 2019",74,6.5
Valentino Rossi The Game,"August 16, 2016",74,7.0
A Hat in Time,"December 6, 2017",74,8.0
Re:Turn - One Way Trip,"October 14, 2020",74,7.9
The Escapists,"February 13, 2015",74,6.7
88 Heroes,"March 24, 2017",74,tbd
Timespinner,"June 4, 2019",74,3.8
Tell Me Why: Chapter 1,"August 27, 2020",74,5.8
Marvel's Guardians of the Galaxy - Episode 1: Tangled Up in Blue,"April 18, 2017",74,6.4
Masters of Anima,"April 10, 2018",74,tbd
Life is Strange 2: Episode 2 - Rules,"January 24, 2019",74,5.0
The Coma 2: Vicious Sisters,"September 4, 2020",74,tbd
The Surge,"May 16, 2017",74,7.2
Grow Up,"August 16, 2016",74,6.8
Gigantic,"July 20, 2017",74,7.6
Life is Strange: Episode 4 - Dark Room,"July 28, 2015",74,8.4
Snake Pass,"March 29, 2017",74,6.1
Resident Evil: Revelations 2 - Episode 4: Metamorphosis,"March 18, 2015",74,7.4
Ultratron,"May 8, 2015",74,6.3
Saturday Morning RPG,"October 26, 2016",74,7.3
Super Cloudbuilt,"July 28, 2017",74,7.1
Turok Remastered,"March 2, 2018",74,8.0
Steamroll,"January 25, 2019",74,tbd
Metamorphosis,"August 12, 2020",74,tbd
Conan Chop Chop,"March 1, 2022",74,tbd
SkyDrift Infinity,"July 29, 2021",74,tbd
Boyfriend Dungeon,"August 11, 2021",74,6.3
Marsupilami: Hoobadventure,"October 6, 2021",74,tbd
Shadow Complex Remastered,"March 16, 2016",74,5.9
LEGO Marvel Super Heroes 2,"November 14, 2017",74,7.3
The Fall Part 2: Unbound,"February 13, 2018",74,7.8
Tachyon Project,"July 15, 2015",74,6.9
Shining Resonance Refrain,"July 10, 2018",74,8.2
The Jackbox Party Pack 5,"October 16, 2018",74,tbd
Roundabout,"February 20, 2015",74,5.6
Attack on Titan 2,"March 20, 2018",74,7.1
Enigmatis 3: The Shadow of Karkhala,"April 6, 2018",74,tbd
HyperParasite,"April 3, 2020",74,7.1
Arcade Spirits,"May 1, 2020",74,tbd
HitchHiker - A Mystery Game,"April 15, 2021",74,tbd
Anarcute,"July 12, 2016",74,7.3
Shadow Warrior,"October 21, 2014",74,7.5
Blues and Bullets - Episode 2: Shaking The Hive,"April 8, 2016",74,4.5
Attack on Titan 2: Final Battle,"July 5, 2019",74,7.5
Dying Light,"January 27, 2015",74,8.0
Pathfinder: Kingmaker - Definitive Edition,"August 18, 2020",74,6.1
Mythic Ocean,"July 9, 2021",74,tbd
Beholder: Complete Edition,"January 19, 2018",74,tbd
Life is Strange 2: Episode 4 - Faith,"August 22, 2019",74,5.8
The Flame in the Flood,"February 24, 2016",74,5.5
LEGO Batman 3: Beyond Gotham,"November 11, 2014",74,7.1
LEGO The Incredibles,"June 15, 2018",74,7.3
RetroMania Wrestling,"March 23, 2021",74,7.8
Bomber Crew,"July 10, 2018",74,6.2
Supermarket Shriek,"June 9, 2019",74,6.2
NASCAR Heat 4,"September 10, 2019",74,6.4
Minecraft Dungeons,"May 26, 2020",74,7.7
Mega Coin Squad,"May 20, 2015",74,6.4
Fallout 4: Automatron,"March 22, 2016",74,6.0
Pure Chess: Grandmaster Edition,"September 9, 2016",74,tbd
Sonic Colors: Ultimate,"September 7, 2021",74,4.7
Moo Lander,"May 27, 2022",74,tbd
Zumba Fitness World Party,"November 19, 2013",73,6.2
Subterrain,"January 27, 2017",73,tbd
Going Under,"September 24, 2020",73,6.8
Destiny 2: Shadowkeep,"October 1, 2019",73,7.0
Jotun: Valhalla Edition,"September 9, 2016",73,5.0
Mystery Castle,"May 6, 2016",73,tbd
Just Dance 2017,"October 25, 2016",73,6.6
Anode,"August 10, 2016",73,tbd
Battle Kid: Fortress of Peril,"April 15, 2022",73,tbd
Project Spark,"March 4, 2014",73,6.9
Life is Strange: Episode 2 - Out of Time,"March 25, 2015",73,8.2
Typoman: Revised,"February 17, 2017",73,tbd
Titanfall: Expedition,"May 15, 2014",73,4.7
Vasara Collection,"August 14, 2019",73,7.2
Sega Genesis Classics,"May 29, 2018",73,7.7
Hyperdrive Massacre,"January 13, 2016",73,7.5
Steel Rain X,"December 16, 2016",73,tbd
Hyper Sentinel,"May 11, 2018",73,tbd
Queen's Quest 2: Stories of Forgotten Past,"February 22, 2019",73,tbd
WARTILE,"March 24, 2020",73,tbd
Deep Sky Derelicts: Definitive Edition,"March 24, 2020",73,6.0
Katamari Damacy REROLL,"November 20, 2020",73,4.4
Journey of the Broken Circle,"March 12, 2021",73,tbd
Chariot,"October 1, 2014",73,7.5
LEGO Harry Potter Collection,"October 30, 2018",73,8.2
When The Past Was Around,"December 15, 2020",73,6.0
Life is Strange 2: Episode 3 - Wastelands,"May 9, 2019",73,6.4
State of Mind,"August 15, 2018",73,7.3
Stela,"October 17, 2019",73,6.9
Batman: The Telltale Series - Episode 3: New World Order,"October 25, 2016",73,7.9
Dark Souls III: Ashes of Ariandel,"October 25, 2016",73,7.2
Call of Duty: Ghosts - Invasion,"June 3, 2014",73,6.1
Saints Row IV: Re-Elected,"January 20, 2015",73,7.1
Mulaka,"March 2, 2018",73,6.2
Human: Fall Flat,"May 12, 2017",73,6.7
Resident Evil: Revelations 2 - Episode 3: Judgment,"March 11, 2015",73,7.3
Lumo,"June 22, 2016",73,4.5
The Walking Dead: Michonne - Episode 3: What We Deserve,"April 26, 2016",73,7.4
Dragon Ball: Xenoverse 2,"October 25, 2016",73,7.0
HAWKEN,"July 1, 2016",73,7.1
Tennis in the Face,"December 9, 2016",73,tbd
ASTRONEER,"February 6, 2019",73,7.0
MotoGP 17,"July 11, 2017",73,6.6
MotoGP 18,"June 7, 2018",73,6.0
Team Sonic Racing,"May 21, 2019",73,7.5
ADIOS Amigos,"September 12, 2018",73,tbd
Sparklite,"November 15, 2019",73,7.2
The Council - Episode 4: Burning Bridges,"September 25, 2018",73,7.1
Sniper Elite V2 Remastered,"May 14, 2019",73,7.2
We. The Revolution,"June 25, 2019",73,5.5
Helheim Hassle,"August 18, 2020",73,tbd
Landflix Odyssey,"November 27, 2020",73,tbd
Aspire: Ina's Tale,"December 17, 2021",73,7.8
Dragon Ball Z: Kakarot,"January 17, 2020",73,7.7
Warhammer: Chaosbane,"May 31, 2019",73,5.0
Destiny: Rise of Iron,"September 20, 2016",73,3.5
Resident Evil: Revelations 2 - Episode 1: Penal Colony,"February 25, 2015",73,7.2
The Sojourn,"September 20, 2019",73,6.7
Unto The End,"December 9, 2020",73,6.1
They Are Billions,"July 1, 2019",73,6.4
Talent Not Included,"April 5, 2017",73,tbd
King's Bounty II,"August 24, 2021",73,4.7
Get Even,"June 23, 2017",73,7.5
Pure Farming 2018,"March 13, 2018",73,6.3
Marvel's Guardians of the Galaxy - Episode 4: Who Needs You,"October 10, 2017",73,7.3
Killer Instinct,"November 22, 2013",73,6.4
Phantom Dust,"May 16, 2017",73,6.9
Warriors Orochi 3 Ultimate,"September 2, 2014",73,7.4
Yooka-Laylee,"April 11, 2017",73,5.5
Bartlow's Dread Machine,"September 29, 2020",73,tbd
Madden NFL 25,"November 19, 2013",73,5.9
The Walking Dead: The Telltale Series - A New Frontier Episode 3: Above the Law,"March 28, 2017",73,6.1
Can't Drive This,"March 19, 2021",73,tbd
Disney Infinity 2.0 Edition,"September 23, 2014",73,4.9
My Time At Portia,"April 16, 2019",73,6.9
West of Dead,"June 18, 2020",73,6.8
Eventide: Slavic Fable,"September 23, 2016",73,tbd
Sudden Strike 4: European Battlefields Edition,"May 25, 2018",73,7.2
World War Z,"April 16, 2019",73,5.9
Agents of Mayhem,"August 15, 2017",73,6.4
Red Faction: Guerrilla Re-Mars-tered,"July 3, 2018",73,4.6
Rise of the Tomb Raider: Baba Yaga - The Temple of the Witch,"January 26, 2016",73,7.4
A Pixel Story,"February 24, 2017",73,tbd
The Walking Dead: The Telltale Series - A New Frontier Episode 4: Thicker than Water,"April 25, 2017",73,6.4
Bleed,"August 24, 2017",73,tbd
The Mummy Demastered,"October 24, 2017",73,7.3
Train Sim World: Founder's Edition,"March 9, 2018",73,6.6
Dead End Job,"December 13, 2019",73,tbd
Glass Masquerade,"February 8, 2019",73,6.6
Hero Express,"July 5, 2019",73,tbd
Truck Racing Championship,"July 18, 2019",73,4.3
Destiny 2: Beyond Light,"November 10, 2020",73,4.3
eFootball PES 2021,"September 15, 2020",73,4.4
The Sims 4: Star Wars - Journey to Batuu,"September 8, 2020",73,tbd
Xuan-Yuan Sword 7,"September 30, 2021",73,8.0
Mundaun,"March 16, 2021",73,tbd
Narita Boy,"March 30, 2021",73,7.6
Lake,"September 1, 2021",73,6.7
Mad Max,"September 1, 2015",72,7.9
Game of Thrones: Episode Five - A Nest of Vipers,"July 22, 2015",72,7.1
9 Monkeys of Shaolin,"October 16, 2020",72,7.2
Dead Rising 4,"December 6, 2016",72,4.8
Call of Duty: Advanced Warfare - Havoc,"January 27, 2015",72,6.2
Ancestors Legacy,"August 13, 2019",72,7.2
RAGE 2,"May 14, 2019",72,6.2
Leo's Fortune,"September 11, 2015",72,6.4
LEGO DC Super-Villains,"October 16, 2018",72,6.2
Shenmue I & II,"August 21, 2018",72,7.8
Lara Croft and the Temple of Osiris,"December 9, 2014",72,6.0
Penarium,"September 23, 2015",72,tbd
Dungeons 3,"October 17, 2017",72,7.8
Minecraft: Story Mode Season Two - Episode 5: Above and Beyond,"December 19, 2017",72,7.5
Jump Gunners,"August 3, 2018",72,tbd
MXGP Pro,"July 10, 2018",72,6.9
Skelattack,"June 2, 2020",72,tbd
The Pillar: Puzzle Escape,"January 13, 2021",72,tbd
Bad Dream: Coma,"April 20, 2021",72,tbd
Spintires: Mudrunner,"October 31, 2017",72,6.2
Story of Seasons: Friends of Mineral Town,"October 26, 2021",72,tbd
NBA Live 18,"September 15, 2017",72,5.3
Zombi,"August 18, 2015",72,6.2
Sea of Solitude,"July 5, 2019",72,6.7
Massive Chalice,"June 1, 2015",72,6.8
Infliction: Extended Cut,"February 25, 2020",72,4.9
Mirror's Edge Catalyst,"June 7, 2016",72,5.9
Kingdoms of Amalur: Re-Reckoning,"September 8, 2020",72,7.2
Ancestors: The Humankind Odyssey,"December 6, 2019",72,5.3
Ninja Gaiden: Master Collection,"June 10, 2021",72,7.2
State of Decay: Year One Survival Edition,"April 28, 2015",72,6.9
WWE 2K16,"October 27, 2015",72,5.4
Max: The Curse of Brotherhood,"December 20, 2013",72,7.4
Late Shift,"April 18, 2017",72,7.0
Mutant Football League,"January 19, 2018",72,7.2
Stikbold! A Dodgeball Adventure,"April 8, 2016",72,7.2
Layers of Fear: Inheritance,"August 2, 2016",72,6.4
Ittle Dew 2,"November 15, 2016",72,6.8
BUTCHER,"May 10, 2017",72,6.5
Narcosis,"May 10, 2017",72,8.0
Mega Man Legacy Collection 2,"August 8, 2017",72,8.6
Sword Art Online: Fatal Bullet,"February 23, 2018",72,7.3
Abyss: The Wraiths of Eden,"October 20, 2017",72,tbd
Psychotic's Agatha Knife,"April 27, 2018",72,7.0
STAY,"May 30, 2018",72,6.9
Disney Classic Games: Aladdin and the Lion King,"October 29, 2019",72,4.7
We Were Here Too,"October 2, 2019",72,tbd
Bladed Fury,"March 25, 2021",72,tbd
Leisure Suit Larry: Wet Dreams Don't Dry,"September 15, 2020",72,tbd
Cosmic Top Secret,"May 21, 2021",72,tbd
Assassin's Creed Unity,"November 11, 2014",72,5.1
Final Fantasy Type-0 HD,"March 17, 2015",72,8.2
Action Henk,"March 4, 2016",72,tbd
Styx: Shards of Darkness,"March 14, 2017",72,7.3
Stranger Things 3: The Game,"July 4, 2019",72,4.5
SIMULACRA,"December 3, 2019",72,tbd
Rocksmith 2014 Edition,"November 4, 2014",72,7.4
Anima: Gate of Memories,"June 3, 2016",72,7.5
Double Kick Heroes,"August 28, 2020",72,7.3
Amazing Princess Sarah,"January 29, 2016",72,5.7
Steep,"December 2, 2016",72,6.5
De Blob,"November 14, 2017",72,tbd
Ghost Blade HD,"February 28, 2017",72,6.4
Draugen,"February 21, 2020",72,tbd
The Fisherman: Fishing Planet,"October 15, 2019",72,5.6
Fenix Furia,"June 8, 2016",72,tbd
Shape of the World,"June 6, 2018",72,tbd
The Bridge,"August 14, 2015",72,7.4
Neon Chrome,"May 31, 2016",72,7.0
Nightmares from the Deep 3: Davy Jones,"February 2, 2018",72,tbd
Planet Alpha,"September 4, 2018",72,7.6
Beat Cop,"March 5, 2019",72,7.0
DOOM Eternal: The Ancient Gods Part One,"October 20, 2020",72,7.8
Screencheat,"March 1, 2016",72,tbd
Aggelos,"July 12, 2019",72,tbd
Tannenberg,"July 24, 2020",72,6.7
Battletoads,"August 20, 2020",72,6.5
The Walking Dead: The Telltale Series - The Final Season Episode 1: Done Running,"August 14, 2018",72,7.7
Mars Horizon,"November 17, 2020",72,tbd
SYNTHETIK: Ultimate,"December 16, 2020",72,tbd
Reverie Knights Tactics,"January 25, 2022",72,tbd
Battlefield Hardline,"March 17, 2015",71,5.3
SpongeBob SquarePants: Battle for Bikini Bottom - Rehydrated,"June 23, 2020",71,8.6
Toy Odyssey: The Lost and Found,"September 21, 2016",71,7.0
Dungeon Punks,"July 26, 2016",71,6.8
Sherlock Holmes: Crimes & Punishments,"September 30, 2014",71,6.8
How to Survive: Storm Warning Edition,"October 29, 2014",71,5.9
Minecraft: Story Mode - Episode 4: A Block and a Hard Place,"December 22, 2015",71,6.8
Minecraft: Story Mode Season Two - Episode 1: Hero in Residence,"July 11, 2017",71,4.6
2064: Read Only Memories,"January 17, 2018",71,tbd
Woodle Tree 2: Deluxe+,"April 17, 2020",71,8.0
Dead Rising Triple Pack,"September 13, 2016",71,7.5
LEGO Marvel's Avengers,"January 26, 2016",71,6.1
Tower of Guns,"April 10, 2015",71,6.1
Just Cause 3,"December 1, 2015",71,6.9
Pawarumi,"July 24, 2019",71,tbd
Tumblestone,"July 16, 2016",71,6.0
Factotum 90,"February 10, 2016",71,5.9
Assassin's Creed Rogue Remastered,"March 20, 2018",71,7.2
Maneater,"May 22, 2020",71,6.7
Tetrobot and Co.,"March 16, 2016",71,tbd
Pharaonic,"July 13, 2016",71,7.6
Demetrios - The BIG Cynical Adventure,"August 2, 2017",71,tbd
Ninjin: Clash of Carrots,"September 4, 2018",71,4.6
The Survivalists,"October 9, 2020",71,tbd
RiffTrax: The Game,"May 5, 2022",71,tbd
Battleborn,"May 3, 2016",71,7.1
"Warhammer 40,000: Inquisitor - Martyr","July 5, 2018",71,5.9
Fishing Sim World,"September 18, 2018",71,tbd
Tower of Time,"June 26, 2020",71,tbd
Glass Masquerade 2: Illusions,"February 14, 2020",71,tbd
Demon's Tier+,"June 10, 2020",71,tbd
Beyond Blue,"June 11, 2020",71,7.0
Just Dance 2014,"November 19, 2013",71,7.0
Lords of the Fallen,"October 28, 2014",71,6.6
Call of Duty: Advanced Warfare - Supremacy,"June 2, 2015",71,5.9
This Is the Police,"March 22, 2017",71,7.5
Unbox: Newbie's Adventure,"July 26, 2017",71,tbd
Xbox Fitness,"November 22, 2013",71,5.9
Fragments of Him,"June 1, 2016",71,5.8
The King's Bird,"February 12, 2019",71,tbd
Transformers: Battlegrounds,"October 23, 2020",71,tbd
Warsaw,"October 2, 2020",71,tbd
Unspottable,"January 21, 2021",71,tbd
Tokyo 42,"May 31, 2017",71,4.3
Devil May Cry HD Collection,"March 13, 2018",71,8.3
Minecraft: Story Mode Season Two - Episode 4: Below the Bedrock,"November 7, 2017",71,7.9
Oceanhorn: Monster of Uncharted Seas,"September 7, 2016",71,8.1
Destiny: House of Wolves,"May 19, 2015",71,4.0
The Invisible Hours,"April 24, 2018",71,tbd
El Hijo: A Wild West Tale,"March 25, 2021",71,tbd
Spellspire,"May 26, 2017",71,tbd
Chaos on Deponia,"December 5, 2017",71,7.1
Assassin's Creed: The Ezio Collection,"November 15, 2016",71,7.8
Minecraft: Story Mode - Episode 7: Access Denied,"July 26, 2016",71,8.0
AER: Memories of Old,"October 25, 2017",71,7.3
Rocket Arena,"July 14, 2020",71,7.7
Starpoint Gemini 2,"December 11, 2015",71,7.1
Joe Dever's Lone Wolf Console Edition,"March 16, 2016",71,tbd
Impact Winter,"April 5, 2018",71,tbd
Anima: Gate of Memories - The Nameless Chronicles,"June 19, 2018",71,6.9
Etherborn,"July 18, 2019",71,8.0
The Inner Friend,"April 28, 2020",71,tbd
Space Hulk: Tactics,"October 9, 2018",71,7.5
FOX n FORESTS,"May 30, 2018",71,7.0
Knight Squad,"November 16, 2015",71,6.8
The Coma: Recut,"September 22, 2017",71,tbd
Spy Chameleon,"May 22, 2015",71,6.4
Minecraft: Story Mode - Episode 6: A Portal to Mystery,"June 7, 2016",71,7.8
Fearful Symmetry & The Cursed Prince,"December 12, 2017",71,7.4
My Hero One's Justice,"October 26, 2018",71,7.4
Chronos: Before the Ashes,"December 1, 2020",71,4.7
Twelve Minutes,"August 19, 2021",71,4.4
King's Quest Chapter 2: Rubble Without a Cause,"December 15, 2015",71,6.3
ScreamRide,"March 3, 2015",71,4.8
101 Ways to Die,"March 18, 2016",71,tbd
Nine Parchments,"March 7, 2018",71,tbd
Colossus Down,"December 16, 2020",71,tbd
Marvel's Guardians of the Galaxy - Episode 3: More Than A Feeling,"August 22, 2017",70,6.1
Bloodstained: Curse of the Moon,"June 6, 2018",70,7.7
oOo: Ascension,"May 25, 2018",70,7.3
Mayhem Brawler,"August 18, 2021",70,tbd
Just Cause 4,"December 4, 2018",70,5.7
Fable Fortune,"February 22, 2018",70,7.4
Ion Fury,"May 14, 2020",70,6.7
Conarium,"February 12, 2019",70,5.8
Blues and Bullets - Episode 1: The End of Peace,"August 28, 2015",70,5.4
Teslapunk,"October 7, 2015",70,6.6
Tin & Kuna,"September 10, 2020",70,tbd
Gods Will Fall,"January 29, 2021",70,6.3
LEGO Jurassic World,"June 12, 2015",70,6.8
WRC 5,"October 13, 2015",70,4.9
Demon's Crystals,"May 12, 2017",70,6.8
Bendy and the Ink Machine,"November 20, 2018",70,6.9
Blood Bowl 2,"September 22, 2015",70,7.5
Clockwork Tales: Of Glass and Ink,"January 22, 2016",70,tbd
Earth's Dawn,"November 2, 2016",70,6.2
The Assembly,"January 20, 2017",70,6.0
Grim Legends 2: Song of the Dark Swan,"June 23, 2017",70,tbd
WRC 7,"September 15, 2017",70,5.8
Zoo Tycoon: Ultimate Animal Collection,"October 31, 2017",70,5.9
Minecraft: Story Mode Season Two - Episode 3: Jailhouse Block,"September 19, 2017",70,7.4
Let Them Come,"October 3, 2017",70,tbd
Trailblazers,"May 9, 2018",70,6.8
Chasm,"November 9, 2018",70,tbd
Snooker 19,"April 17, 2019",70,5.4
MXGP 2019,"August 27, 2019",70,5.6
Super Monkey Ball: Banana Blitz HD,"October 29, 2019",70,5.3
We Were Here Together,"June 5, 2020",70,tbd
King of Seas,"May 25, 2021",70,tbd
Just Dance 2015,"October 21, 2014",70,7.7
Stranger of Sword City,"March 22, 2016",70,7.3
Voodoo Vince Remastered,"April 18, 2017",70,5.9
Dragon Age: Inquisition - Jaws Of Hakkon,"March 24, 2015",70,6.0
EA Sports UFC,"June 17, 2014",70,6.3
Graveyard Keeper,"August 15, 2018",70,5.0
Worms Battlegrounds,"May 30, 2014",70,6.2
The Incredible Adventures of Van Helsing III,"December 29, 2017",70,5.5
The Final Station,"September 2, 2016",70,6.8
Digimon Survive,"July 29, 2022",70,6.7
Below,"December 14, 2018",70,5.5
Tembo the Badass Elephant,"July 21, 2015",70,6.8
Duke Nukem 3D: 20th Anniversary World Tour,"October 11, 2016",70,6.7
In Rays of the Light,"March 17, 2021",70,tbd
Fe,"February 16, 2018",70,7.0
AIPD - Artificial Intelligence Police Department,"January 29, 2016",70,tbd
Call of Duty: Ghosts - Devastation,"April 3, 2014",70,5.7
Vampyr,"June 5, 2018",70,7.1
Pix the Cat,"February 8, 2017",70,tbd
Tricky Towers,"September 15, 2017",70,6.5
Anodyne,"September 21, 2018",70,tbd
Onirike,"June 29, 2021",70,tbd
ToeJam & Earl: Back in the Groove,"March 1, 2019",70,6.0
Planetbase,"May 3, 2017",70,5.8
Antigraviator,"May 2, 2020",70,6.3
The Raven Remastered,"March 13, 2018",70,6.8
Raji: An Ancient Epic,"October 15, 2020",70,7.5
John Wick Hex,"December 4, 2020",70,tbd
Rustler,"August 31, 2021",70,tbd
Flowing Lights,"May 7, 2021",70,tbd
Struggling,"September 8, 2021",70,tbd
Kao the Kangaroo,"May 27, 2022",70,8.3
Genesis Alpha One,"January 29, 2019",69,4.1
Fortified,"February 3, 2016",69,6.7
Madden NFL 21,"August 25, 2020",69,0.5
ARK: Survival Evolved,"August 29, 2017",69,6.2
Breathedge,"April 6, 2021",69,5.8
Styx: Master of Shadows,"October 8, 2014",69,7.2
YesterMorrow,"November 5, 2020",69,tbd
Project CARS 3,"August 3, 2020",69,3.9
Starwhal,"December 9, 2015",69,tbd
Minecraft: Story Mode - Episode 5: Order Up!,"March 29, 2016",69,7.6
Battle Princess Madelyn,"December 6, 2018",69,6.5
Tracks: The Train Set Game,"November 14, 2019",69,5.5
Thief,"February 25, 2014",69,6.3
Bus Simulator 21,"September 7, 2021",69,tbd
Fruit Ninja Kinect 2,"March 18, 2015",69,7.1
Deadlight: Director's Cut,"June 21, 2016",69,6.5
Nightmares from the Deep 2: The Siren's Call,"August 26, 2016",69,tbd
Shadows: Awakening,"September 4, 2018",69,6.9
Nickelodeon Kart Racers 2: Grand Prix,"October 6, 2020",69,7.2
LEGO The Hobbit,"April 8, 2014",69,7.0
Surviving the Aftermath,"November 16, 2021",69,tbd
Cloudpunk,"October 15, 2020",69,7.0
The Sun and Moon,"January 27, 2017",69,tbd
Disco Dodgeball Remix,"May 22, 2018",69,tbd
"Guns, Gore & Cannoli","September 25, 2015",69,7.2
Marvel's Guardians of the Galaxy - Episode 5: Don't Stop Believin',"November 7, 2017",69,7.6
This is the Police 2,"September 25, 2018",69,tbd
No Straight Roads,"August 25, 2020",69,4.1
The Golf Club 2,"June 27, 2017",69,5.7
The Long Reach,"July 18, 2018",69,tbd
The Blackout Club,"July 30, 2019",69,7.1
BADLAND: Game of the Year Edition,"May 29, 2015",69,5.7
Crimsonland,"October 14, 2015",69,6.8
AO Tennis 2,"February 11, 2020",69,6.1
The Dark Pictures Anthology: Man of Medan,"August 30, 2019",69,6.8
CastleStorm: Definitive Edition,"September 24, 2014",69,7.1
The Solus Project,"July 12, 2016",69,4.7
Gear Gauntlet,"April 15, 2016",69,6.8
Dex,"July 8, 2016",69,7.9
ClusterTruck,"October 28, 2016",69,5.4
Lock's Quest,"May 30, 2017",69,tbd
MX Nitro,"February 14, 2017",69,tbd
DeadCore,"July 14, 2017",69,tbd
Oh...Sir! The Insult Simulator,"August 4, 2017",69,tbd
Caveman Warriors,"September 22, 2017",69,tbd
Earth Atlantis,"June 1, 2018",69,7.4
The Gunk,"December 16, 2021",69,4.6
Tom Clancy's The Division - Underground,"June 28, 2016",69,7.2
Sea of Thieves,"March 20, 2018",69,5.3
The Spectrum Retreat,"July 13, 2018",69,6.3
Aftercharge,"January 10, 2019",69,5.5
The Occupation,"March 5, 2019",69,4.8
Blacksad: Under the Skin,"November 5, 2019",69,5.9
Dead or Alive 5 Last Round,"February 17, 2015",69,7.3
REKT! High Octane Stunts,"May 26, 2021",69,tbd
The Crew 2,"June 26, 2018",69,5.4
Odium To the Core,"December 26, 2018",69,tbd
Cinders,"August 26, 2020",69,tbd
Iron Crypticle,"July 12, 2017",69,tbd
Lichtspeer: Double Speer Edition,"June 1, 2018",69,6.9
Resident Evil 0: HD Remaster,"January 19, 2016",69,8.2
My Memory of Us,"October 10, 2018",69,5.5
NASCAR Heat 5,"July 7, 2020",69,6.1
Sheltered,"March 15, 2016",69,5.6
Fission Superstar X,"May 21, 2019",69,tbd
GONNER 2,"October 22, 2020",69,tbd
Control: AWE,"August 21, 2020",69,6.3
Phantom Breaker: Omnia,"March 15, 2022",69,tbd
LEGO Worlds,"March 7, 2017",69,6.8
Slain: Back from Hell,"October 21, 2016",69,tbd
Eternal Hope,"July 8, 2022",69,tbd
Shift Happens,"February 22, 2017",69,tbd
The LEGO Movie Videogame,"February 7, 2014",69,6.9
Raging Justice,"May 8, 2018",69,tbd
Vostok Inc.,"July 26, 2017",69,tbd
GRIP: Combat Racing,"November 6, 2018",69,5.5
Danger Zone 2,"July 10, 2018",69,6.0
Darksiders III,"November 27, 2018",69,7.1
Momonga Pinball Adventures,"December 21, 2016",69,tbd
Monster Energy Supercross - The Official Videogame,"February 13, 2018",69,7.5
Felix the Reaper,"October 17, 2019",69,7.1
WWE 2K17,"October 11, 2016",68,5.0
Hellpoint,"July 30, 2020",68,5.7
Wolfenstein: Youngblood,"July 26, 2019",68,2.6
Warriors Orochi 4,"October 16, 2018",68,7.3
Torchlight III,"October 13, 2020",68,4.1
Jay and Silent Bob: Mall Brawl,"May 20, 2021",68,tbd
Rush: A Disney / Pixar Adventure,"October 31, 2017",68,6.2
Rise of the Tomb Raider: Cold Darkness Awakened,"March 29, 2016",68,5.2
Dark Arcana: The Carnival,"March 17, 2017",68,tbd
The Technomancer,"June 28, 2016",68,7.0
Zoo Tycoon,"November 22, 2013",68,3.2
Trials Fusion: Awesome Level Max,"July 14, 2015",68,tbd
Heart&Slash,"June 24, 2016",68,7.4
Black The Fall,"July 11, 2017",68,6.5
Remothered: Tormented Fathers,"July 25, 2018",68,7.8
Haimrik,"June 19, 2018",68,tbd
Valley,"August 23, 2016",68,8.0
Destroy All Humans!,"July 28, 2020",68,7.7
In Between,"June 8, 2016",68,7.0
Ghostbusters: The Video Game Remastered,"October 4, 2019",68,6.4
Cubot - The Complexity of Simplicity,"January 8, 2016",68,6.6
Way of the Passive Fist,"March 7, 2018",68,7.7
Kingdom Come: Deliverance,"February 13, 2018",68,7.5
Dear Esther: Landmark Edition,"September 20, 2016",68,5.1
Space Engineers,"April 15, 2020",68,4.2
"LEVEL 22, Gary's Misadventures","January 29, 2016",68,7.1
Kill The Bad Guy,"January 31, 2017",68,tbd
The Aquatic Adventure of the Last Human,"January 19, 2018",68,6.5
Switch: Or Die Trying,"February 28, 2018",68,tbd
Exception,"August 13, 2019",68,tbd
NASCAR Heat 3,"September 7, 2018",68,7.3
American Fugitive,"May 24, 2019",68,6.1
Lost Ember,"November 22, 2019",68,6.7
Empire of Sin,"December 1, 2020",68,5.7
Chinatown Detective Agency,"April 7, 2022",68,3.1
BROKEN MIND,"June 21, 2022",68,tbd
Pure Pool,"November 14, 2014",68,6.9
WRC 6: World Rally Championship,"October 7, 2016",68,4.6
Golf With Your Friends,"May 19, 2020",68,4.7
TT Isle of Man: Ride On The Edge,"March 6, 2018",68,5.8
Stubbs the Zombie in Rebel Without a Pulse,"March 16, 2021",68,tbd
Biomutant,"May 25, 2021",68,7.4
iO,"February 14, 2017",68,tbd
Crossout,"May 30, 2017",68,5.9
The Suicide of Rachel Foster,"September 9, 2020",68,5.6
Marvel Heroes Omega,"June 30, 2017",68,7.3
Daymare: 1998,"April 28, 2020",68,7.4
Othercide,"July 28, 2020",68,5.8
DreamWorks Kung Fu Panda: Showdown of Legendary Legends,"December 1, 2015",68,4.9
Xenoraid,"November 8, 2016",68,tbd
TOHU,"January 28, 2021",68,tbd
Four Sided Fantasy,"March 31, 2017",68,tbd
Aces of the Luftwaffe: Squadron,"July 24, 2018",68,6.6
Hyper Jam,"February 12, 2019",68,tbd
The Complex,"March 31, 2020",68,6.8
World War Z Game of the Year Edition,"May 5, 2020",68,tbd
Raiders of the Broken Planet,"September 22, 2017",67,5.8
Doughlings: Invasion,"July 10, 2019",67,7.6
Gravel,"February 27, 2018",67,7.1
Baja: Edge of Control HD,"September 14, 2017",67,6.5
Riverbond,"June 9, 2019",67,5.8
Sniper Ghost Warrior Contracts,"November 22, 2019",67,6.2
Immortal Realms: Vampire Wars,"February 7, 2020",67,5.3
Townsmen: A Kingdom Rebuilt,"February 20, 2020",67,tbd
WWE 2K18,"October 13, 2017",67,4.6
Phantom Doctrine,"August 24, 2018",67,7.5
Solo: Islands of the Heart,"July 31, 2019",67,tbd
Assassin's Creed Chronicles: China,"April 21, 2015",67,5.8
Azkend 2: The World Beneath,"May 3, 2016",67,tbd
Strike Suit Zero: Director's Cut,"April 8, 2014",67,5.6
Marvel's Guardians of the Galaxy: The Telltale Series,"April 18, 2017",67,7.5
TurnOn,"June 1, 2016",67,7.0
Rad Rodgers,"February 21, 2018",67,5.9
Transference,"September 18, 2018",67,5.3
Lost Grimoires 2: Shard of Mystery,"December 15, 2017",67,tbd
Disneyland Adventures,"October 31, 2017",67,6.0
Shiness: The Lightning Kingdom,"April 18, 2017",67,7.4
Mafia III,"October 7, 2016",67,5.1
Batman: The Telltale Series,"September 13, 2016",67,7.7
NBA 2K21,"September 4, 2020",67,1.6
Police Stories,"July 9, 2021",67,tbd
I Saw Black Clouds,"March 30, 2021",67,tbd
Effie,"February 19, 2021",67,tbd
Claire: Extended Cut,"September 6, 2016",67,6.0
Outcast: Second Contact,"November 7, 2017",67,6.0
Schrodinger's Cat and the Raiders of the Lost Quark,"May 13, 2015",67,tbd
Dead Island: Definitive Collection,"May 31, 2016",67,5.6
Flying Tigers: Shadows Over China,"January 12, 2018",67,tbd
Gang Beasts,"March 27, 2019",67,6.7
RAZED,"September 14, 2018",67,tbd
Hard Reset Redux,"June 3, 2016",67,6.4
Blair Witch,"August 30, 2019",67,6.7
Beatbuddy: Tale of the Guardians,"August 7, 2015",67,tbd
City of Brass,"May 5, 2018",67,3.6
Airheart: Tales of Broken Wings,"August 14, 2018",67,tbd
Disintegration,"June 16, 2020",67,6.0
Dragon Ball: Xenoverse,"February 24, 2015",67,7.1
Minecraft: Story Mode - Episode 8: A Journey's End?,"September 13, 2016",67,7.9
V-Rally 4,"September 11, 2018",67,5.5
The First Tree: Console Edition,"November 30, 2018",67,5.8
Obey Me,"April 21, 2020",67,tbd
Headliner: NoviNews,"December 11, 2019",67,tbd
Star Wars Battlefront II,"November 17, 2017",66,1.8
Monochroma,"June 24, 2016",66,tbd
Earthlock: Festival of Magic,"September 1, 2016",66,7.2
The Sims 4,"November 17, 2017",66,3.7
Shikhondo: Soul Eater,"August 28, 2018",66,tbd
Redeemer: Enhanced Edition,"July 19, 2019",66,7.5
A Boy and His Blob,"January 20, 2016",66,tbd
Hyper Void,"January 6, 2016",66,5.5
The Sinking City,"June 25, 2019",66,6.5
Neverwinter,"March 31, 2015",66,5.0
Enigmatis: The Ghosts of Maple Creek,"April 8, 2016",66,7.4
Her Majesty's SPIFFING,"December 7, 2016",66,6.3
Jump Stars,"June 9, 2017",66,tbd
Eventide 2: The Sorcerer's Mirror,"August 25, 2017",66,tbd
Sigi: A Fart for Melusina,"September 7, 2018",66,tbd
Darksiders III: Keepers of the Void,"July 16, 2019",66,4.8
DCL - The Game,"February 18, 2020",66,tbd
Cobalt,"February 2, 2016",66,7.3
The Incredible Adventures of Van Helsing II,"July 1, 2016",66,6.8
Time Recoil,"September 15, 2017",66,tbd
Knee Deep,"February 3, 2017",66,tbd
Silence: The Whispered World 2,"November 15, 2016",66,7.4
Damsel,"August 7, 2019",66,4.4
Unmechanical: Extended Edition,"January 30, 2015",66,7.1
Manual Samuel,"October 14, 2016",66,6.5
Organic Panic,"April 1, 2016",66,tbd
Call of Cthulhu,"October 30, 2018",66,6.4
Titan Quest,"March 20, 2018",66,6.8
Adventure Time: Pirates of the Enchiridion,"July 17, 2018",66,7.1
Through the Woods,"May 2, 2018",66,7.0
Crayola Scoot,"October 16, 2018",66,tbd
Vaporum,"April 10, 2019",66,7.3
Citizens of Space,"June 18, 2019",66,tbd
Super Toy Cars 2,"May 1, 2020",66,7.2
Marvel's Avengers,"September 1, 2020",66,3.8
State of Decay 2,"May 18, 2018",66,5.6
Sinner: Sacrifice for Redemption,"October 18, 2018",66,5.4
FlatOut 4: Total Insanity,"March 17, 2017",66,5.3
Song of the Deep,"July 12, 2016",66,7.2
Skully,"August 4, 2020",66,7.8
Rise & Shine,"January 13, 2017",66,6.2
Vesta,"January 19, 2018",66,tbd
Maize,"September 12, 2017",66,tbd
Hitman HD Enhanced Collection,"January 11, 2019",66,4.6
Olympic Games Tokyo 2020: The Official Video Game,"June 22, 2021",66,5.5
NBA Playgrounds,"May 9, 2017",66,6.0
SkyKeepers,"March 31, 2017",66,tbd
Kerbal Space Program: Enhanced Edition,"January 16, 2018",66,tbd
Attack of the Earthlings,"March 5, 2019",66,tbd
Warface: Breakout,"May 26, 2020",66,7.8
Never Alone,"November 19, 2014",66,6.6
Mafia II: Definitive Edition,"May 19, 2020",66,6.3
Dustoff Z,"October 15, 2020",66,tbd
Bleeding Edge,"March 24, 2020",66,6.2
Just Dance 2016,"October 20, 2015",66,6.1
Sherlock Holmes: The Devil's Daughter,"June 10, 2016",66,6.4
AO International Tennis,"May 9, 2018",66,7.6
Paradise Lost,"March 24, 2021",66,7.2
Sisters Royale: Five Sisters Under Fire,"July 10, 2020",66,tbd
Blightbound,"July 27, 2021",66,tbd
Pupperazzi,"January 20, 2022",66,4.2
Agatha Christie: The ABC Murders,"February 23, 2016",66,6.6
Party Hard 2,"September 8, 2020",66,tbd
Just Die Already,"May 20, 2021",66,1.8
Vambrace: Cold Soul,"August 28, 2019",66,5.7
Ride 2,"February 14, 2017",66,7.2
Scribblenauts Showdown,"March 6, 2018",66,tbd
Adventure Time: Finn and Jake Investigations,"October 20, 2015",66,6.0
39 Days to Mars,"February 6, 2019",66,tbd
Monster Truck Championship,"October 20, 2020",66,5.5
The Dark Pictures Anthology: Little Hope,"October 30, 2020",65,7.8
Another World: 20th Anniversary Edition,"June 25, 2014",65,4.1
Call of Duty: Ghosts - Onslaught,"January 28, 2014",65,4.0
Batman: The Telltale Series - Episode 1: Realm of Shadows,"August 2, 2016",65,7.1
Payday 2: Crimewave Edition,"June 16, 2015",65,3.7
Flockers,"September 19, 2014",65,5.0
Tales From The Borderlands: Episode 3 - Catch A Ride,"June 24, 2015",65,7.4
My Hero One's Justice 2,"March 13, 2020",65,5.8
The LEGO Movie 2 Videogame,"February 26, 2019",65,4.8
Saints Row: Gat Out of Hell,"January 20, 2015",65,6.1
Brawlout,"August 21, 2018",65,7.2
Lightfield,"September 26, 2017",65,tbd
Projection: First Light,"September 29, 2020",65,tbd
Beach Buggy Racing,"May 29, 2015",65,7.2
Farming Simulator 17,"October 25, 2016",65,7.0
Windbound,"August 28, 2020",65,5.6
Sunset Overdrive and the Mystery of the Mooil Rig!,"December 23, 2014",65,7.1
Degrees of Separation,"February 14, 2019",65,tbd
Anthem,"February 22, 2019",65,4.0
2Dark,"March 10, 2017",65,6.9
Dangerous Driving,"April 9, 2019",65,5.0
Riptide GP2,"January 23, 2015",65,7.3
Battle Worlds: Kronos,"April 26, 2016",65,5.4
Land It!,"June 22, 2016",65,tbd
Reus,"October 11, 2016",65,tbd
Nevermind,"January 11, 2017",65,6.3
Kitty Powers' Matchmaker,"March 10, 2017",65,tbd
One Piece: World Seeker,"March 15, 2019",65,5.6
The Story Goes On,"March 2, 2018",65,tbd
I Hate Running Backwards,"May 22, 2018",65,tbd
Weakless,"December 13, 2019",65,tbd
Journey to the Savage Planet: Hot Garbage,"April 15, 2020",65,5.8
Cyber Protocol,"June 5, 2020",65,tbd
Papa's Quiz,"April 2, 2021",65,tbd
Baldur's Gate: Dark Alliance,"May 7, 2021",65,7.5
Fatum Betula,"January 20, 2022",65,tbd
Need for Speed,"November 3, 2015",65,7.6
Night Call,"June 24, 2020",65,5.6
Train Sim World,"July 24, 2018",65,6.7
Necropolis,"October 4, 2016",65,tbd
Songbringer,"September 1, 2017",65,tbd
Lovely Planet,"January 8, 2016",65,6.0
Powerstar Golf,"November 22, 2013",65,5.6
Battleship,"August 2, 2016",65,6.6
Ginger: Beyond the Crystal,"October 25, 2016",65,6.8
The Crew: Wild Run,"November 17, 2015",65,6.3
Bad North,"August 28, 2018",65,7.3
The Escapists: The Walking Dead,"September 30, 2015",65,7.7
Sparkle 2,"January 27, 2016",65,tbd
The Walking Dead: Michonne - Episode 1: In Too Deep,"February 23, 2016",65,7.3
Outward,"March 26, 2019",65,6.8
Costume Quest 2,"October 29, 2014",65,6.6
Wondershot,"February 19, 2016",65,tbd
HoPiKo,"October 19, 2016",65,tbd
Tour de France 2017,"June 15, 2017",65,tbd
Home Sweet Home,"October 16, 2018",65,6.5
Monster Energy Supercross - The Official Videogame 2,"February 5, 2019",65,6.3
Lovecraft's Untold Stories,"May 10, 2019",65,tbd
F1 2015,"July 21, 2015",64,6.2
Extreme Exorcism,"September 23, 2015",64,tbd
Conan Exiles,"May 8, 2018",64,5.4
InnerSpace,"January 16, 2018",64,4.2
The Golf Club,"August 19, 2014",64,5.4
Shoot 1UP DX,"December 4, 2020",64,tbd
Pac-Man Museum+,"May 27, 2022",64,tbd
Override: Mech City Brawl,"December 4, 2018",64,6.6
Spheroids,"February 10, 2017",64,tbd
Assassin's Creed Unity: Dead Kings,"January 13, 2015",64,5.6
Three Fourths Home: Extended Edition,"November 27, 2015",64,3.4
D/Generation HD,"February 12, 2016",64,tbd
Wick,"December 21, 2016",64,tbd
The Walking Dead: The Telltale Series - A New Frontier Episode 5: From The Gallows,"May 30, 2017",64,6.1
Necromunda: Underhive Wars,"September 8, 2020",64,5.6
Bite the Bullet,"August 14, 2020",64,tbd
Rust: Console Edition,"May 18, 2021",64,3.3
THE HOUSE OF THE DEAD: Remake,"April 28, 2022",64,6.2
Assassin's Creed Chronicles: India,"January 12, 2016",64,5.4
Danger Zone,"October 10, 2017",64,5.0
Pathologic 2,"December 12, 2019",64,7.5
Train Station Renovation,"June 2, 2021",64,tbd
Jagged Alliance: Rage!,"December 6, 2018",64,3.0
Planet of the Eyes,"September 12, 2017",64,5.8
Kaiju Panic,"October 9, 2015",64,tbd
Batman: The Enemy Within - Episode 2: The Pact,"September 26, 2017",64,5.3
We Happy Few,"August 10, 2018",64,5.7
Vikings: Wolves of Midgard,"March 28, 2017",64,6.5
N.E.R.O.: Nothing Ever Remains Obscure,"May 15, 2015",64,7.6
The Crew,"December 2, 2014",64,5.7
Laserlife,"October 14, 2015",64,tbd
Moons of Madness,"March 24, 2020",64,7.3
Tour de France 2020,"June 4, 2020",64,tbd
Super Lucky's Tale,"November 7, 2017",64,7.0
MX vs. ATV All Out: Anniversary Edition,"February 26, 2019",64,tbd
King Oddball,"September 9, 2016",64,tbd
Megaton Rainfall,"August 8, 2018",64,tbd
Super Bomberman R,"June 12, 2018",63,6.9
Resident Evil 6,"March 29, 2016",63,7.2
Lost Grimoires: Stolen Kingdom,"April 28, 2017",63,tbd
Wenjia,"September 21, 2018",63,tbd
It came from space and ate our brains,"January 28, 2020",63,tbd
Dogos,"September 7, 2016",63,tbd
Citadel: Forged with Fire,"November 1, 2019",63,6.0
Sniper Elite III,"July 1, 2014",63,7.0
8DAYS,"February 7, 2017",63,tbd
Layers of Fear 2,"May 28, 2019",63,6.1
RiftStar Raiders,"February 28, 2018",63,tbd
Narcos: Rise of the Cartels,"November 22, 2019",63,2.6
Runestone Keeper,"April 25, 2018",63,tbd
Asterix & Obelix XXL 2,"November 29, 2018",63,7.4
60 Seconds!,"March 6, 2020",63,tbd
Neighbours back From Hell,"October 8, 2020",63,7.3
ReCore,"September 13, 2016",63,6.7
Serial Cleaner,"July 14, 2017",63,7.5
The Station,"February 20, 2018",63,7.1
Bard's Gold,"June 17, 2016",63,tbd
Ninja Pizza Girl,"July 20, 2016",63,6.8
Air Guitar Warrior,"March 29, 2017",63,tbd
Morphite,"September 20, 2017",63,tbd
Maid of Sker,"July 28, 2020",63,6.9
Youtubers Life 2,"October 19, 2021",63,6.8
Gemini: Heroes Reborn,"January 19, 2016",63,6.2
Pneuma: Breath of Life,"February 27, 2015",63,6.8
TERA,"April 3, 2018",63,4.6
All-Star Fruit Racing,"August 21, 2018",63,tbd
The Living Dungeon,"January 29, 2016",63,tbd
McDROID,"March 4, 2016",63,tbd
Albert & Otto: The Adventure Begins,"January 10, 2018",63,6.0
Totally Reliable Delivery Service,"April 1, 2020",63,6.7
Dangerous Golf,"June 3, 2016",63,4.8
Sebastien Loeb Rally Evo,"January 29, 2016",63,7.4
Legendary Eleven,"January 4, 2019",63,tbd
Assetto Corsa,"August 30, 2016",63,6.5
Shiftlings,"March 4, 2015",63,5.8
OVERPASS,"March 17, 2020",63,4.4
How to Survive 2,"February 13, 2017",63,6.7
Hunting Simulator 2,"June 30, 2020",63,5.3
Sylvio,"January 13, 2017",63,tbd
Samsara,"February 7, 2018",63,tbd
Woven,"November 15, 2019",63,7.5
Wildcat Gun Machine,"May 4, 2022",63,tbd
NBA 2K Playgrounds 2,"October 16, 2018",62,5.6
Super Mutant Alien Assault,"July 12, 2016",62,5.3
Steel Rats,"May 17, 2019",62,tbd
Zombie Army Trilogy,"March 6, 2015",62,6.8
A Knight's Quest,"October 11, 2019",62,4.8
Warframe,"September 2, 2014",62,6.8
Giga Wrecker Alt.,"May 2, 2019",62,tbd
Gas Guzzlers Extreme,"November 4, 2016",62,6.9
Romancing SaGa 2,"December 15, 2017",62,7.5
The Falconeer,"November 10, 2020",62,5.4
Twin Mirror,"December 1, 2020",62,6.0
Sonic Forces,"November 7, 2017",62,7.0
Batman: Arkham Knight - A Matter of Family,"July 14, 2015",62,6.0
Baseball Riot,"December 9, 2015",62,tbd
Toby: The Secret Mine,"January 20, 2017",62,5.0
Circuit Breakers,"August 16, 2017",62,tbd
Phantom Trigger,"April 20, 2018",62,5.0
Arcade Classics Anniversary Collection,"April 18, 2019",62,tbd
Red Wings: Aces of the Sky,"October 13, 2020",62,tbd
Little Big Workshop,"September 24, 2020",62,tbd
Assassin's Creed Chronicles: Russia,"February 9, 2016",62,5.0
Oh My Godheads,"December 5, 2017",62,tbd
Sparkle Unleashed,"June 3, 2015",62,7.0
Tom Clancy's Ghost Recon: Breakpoint,"October 1, 2019",62,3.5
Tiny Troopers: Joint Ops,"February 26, 2016",62,5.3
Absolver,"January 7, 2019",62,7.3
Metal Gear Survive,"February 20, 2018",62,2.0
Commandos 2 / Praetorians HD Remaster Double Pack,"September 18, 2020",62,tbd
Inside My Radio,"September 18, 2015",62,tbd
Elex,"October 17, 2017",62,6.5
Goat Simulator: Mmore Goatz Edition,"August 26, 2015",62,tbd
The Council - Episode 5: Checkmate,"December 4, 2018",62,5.8
Redout: Space Assault,"January 22, 2021",62,tbd
Among the Sleep,"June 3, 2016",62,3.6
Hero Defense,"August 15, 2018",62,7.2
Tools Up!,"December 3, 2019",62,8.0
Monster Crown,"February 22, 2022",62,tbd
Forza Horizon 2 Presents Fast & Furious,"March 27, 2015",61,7.8
Vigor,"July 31, 2018",61,7.2
Battlefield 4: Naval Strike,"April 25, 2014",61,6.2
The Park,"May 3, 2016",61,6.0
Kick & Fennick,"June 3, 2016",61,tbd
Sixty Second Shooter Prime,"June 18, 2014",61,7.1
Hunter's Legacy,"January 20, 2017",61,tbd
Obliteracers,"August 26, 2016",61,tbd
Destiny 2: Warmind,"May 8, 2018",61,3.5
Snakeybus,"April 3, 2020",61,tbd
Double Pug Switch,"October 22, 2020",61,tbd
The Forbidden Arts,"August 7, 2019",61,tbd
Bee Simulator,"November 12, 2019",61,5.4
Xenon Racer,"March 26, 2019",61,6.3
Deadbeat Heroes,"October 10, 2017",61,tbd
Jump Force,"February 15, 2019",61,5.2
Zombie Driver: Ultimate Edition,"June 24, 2014",61,6.1
Gryphon Knight Epic,"March 30, 2016",61,tbd
Armikrog,"August 23, 2016",61,7.0
Bridge Constructor Stunts,"December 16, 2016",61,tbd
Treasure Stack,"March 1, 2019",61,tbd
Roller Champions,"May 25, 2022",61,4.0
Perception,"June 6, 2017",61,6.4
Rogue Trooper Redux,"October 17, 2017",61,7.0
Cyberpunk 2077,"December 10, 2020",61,5.0
Anoxemia,"March 28, 2017",61,tbd
DreamWorks Dragons Dawn of New Riders,"February 15, 2019",61,7.0
Cast of the Seven Godsends: Redux,"July 20, 2016",61,6.0
Need for Speed Payback,"November 7, 2017",61,4.0
Bike Mayhem 2,"February 5, 2016",61,tbd
Big Pharma,"December 4, 2019",61,tbd
White Night,"March 6, 2015",61,7.1
Siegecraft Commander,"January 17, 2017",61,tbd
Ary and the Secret of Seasons,"September 1, 2020",61,tbd
RICO,"March 13, 2019",61,4.0
Middle-earth: Shadow of Mordor - The Bright Lord,"February 24, 2015",61,7.2
Minecraft: Story Mode - Episode 2: Assembly Required,"October 27, 2015",61,5.1
Kinect Sports Rivals,"April 8, 2014",60,5.0
Cobra Kai: The Karate Kid Saga Continues,"October 27, 2020",60,6.2
Toy Soldiers: War Chest,"August 11, 2015",60,7.7
Rory McIlroy PGA Tour,"July 14, 2015",60,4.3
The Peanuts Movie: Snoopy's Grand Adventure,"November 3, 2015",60,5.6
The Town of Light,"June 6, 2017",60,6.8
Ryse: Son of Rome,"November 22, 2013",60,6.4
NBA Live 16,"September 29, 2015",60,5.6
SkateBIRD,"September 16, 2021",60,1.9
Gunscape,"March 2, 2016",60,tbd
Beyond Eyes,"August 4, 2015",60,5.6
Casey Powell Lacrosse 16,"March 9, 2016",60,7.6
Kung-Fu for Kinect,"June 24, 2016",60,6.2
The Crew: Calling All Units,"November 29, 2016",60,tbd
Skylar & Plux: Adventure on Clover Island,"May 19, 2017",60,6.0
We Are The Dwarves,"February 24, 2017",60,tbd
Bus Simulator,"September 17, 2019",60,5.8
Don Bluth Presents: Dragon's Lair Trilogy,"May 17, 2019",60,tbd
Hyper Scape,"August 11, 2020",60,5.2
Monster Jam Steel Titans 2,"March 2, 2021",60,tbd
Crackdown 3,"February 15, 2019",60,4.2
Naruto to Boruto: Shinobi Striker,"August 31, 2018",60,5.9
Achtung! Cthulhu Tactics,"November 23, 2018",60,tbd
One Piece: Burning Blood,"May 31, 2016",60,6.4
Glam's Incredible Run: Escape from Dukha,"March 31, 2022",60,tbd
Paratopic,"May 13, 2022",60,tbd
Taxi Chaos,"February 23, 2021",59,5.4
Crysis Remastered,"September 18, 2020",59,5.7
Collapsed,"December 10, 2021",59,tbd
Feist,"December 13, 2016",59,tbd
NASCAR Heat 2,"September 12, 2017",59,tbd
Disney/Pixar Cars 3: Driven to Win,"June 13, 2017",59,6.8
Zombie Vikings,"February 22, 2017",59,tbd
Defenders of Ekron: Definitive Edition,"August 7, 2018",59,4.2
The Deer God,"September 1, 2015",59,3.8
Tetris Ultimate,"December 16, 2014",59,4.2
One Punch Man: A Hero Nobody Knows,"February 28, 2020",59,3.3
NHL 15,"September 9, 2014",59,3.2
Surf World Series,"August 30, 2017",59,tbd
Bloodshore,"November 3, 2021",59,tbd
Skater XL,"July 28, 2020",59,4.7
The Bunker,"September 23, 2016",59,5.5
Mount & Blade: Warband,"September 16, 2016",59,7.7
Slender: The Arrival,"March 25, 2015",59,6.7
Subject 13,"January 31, 2017",59,tbd
I Am Bread,"January 20, 2017",59,3.8
SuperMash,"May 8, 2020",59,tbd
Shred! 2 - ft Sam Pilgrim,"April 29, 2020",59,tbd
MXGP2: The Official Motocross Videogame,"June 21, 2016",59,6.5
Christopher Brookmyre's Bedlam,"October 16, 2015",59,tbd
Fallout 4: Wasteland Workshop,"April 12, 2016",59,2.1
Those Who Remain,"May 28, 2020",59,4.9
Destiny: The Dark Below,"December 9, 2014",59,2.8
GunWorld 2,"May 13, 2016",59,5.6
Magic: Duels of the Planeswalkers 2015,"November 5, 2014",59,5.1
The Incredible Adventures of Van Helsing,"December 1, 2015",59,7.3
Lost Sea,"June 29, 2016",59,6.3
Reagan Gorbachev,"February 24, 2016",59,tbd
Moto Racer 4,"January 24, 2017",59,2.4
Guts and Glory,"July 19, 2018",59,5.8
The Dark Crystal: Age of Resistance Tactics,"February 4, 2020",58,4.5
SolSeraph,"July 10, 2019",58,tbd
The Church in the Darkness,"August 2, 2019",58,6.5
Dynasty Warriors 8 Empires,"February 24, 2015",58,7.1
Sword Coast Legends,"July 19, 2016",58,6.3
Tennis World Tour 2,"September 22, 2020",58,7.8
Big Rumble Boxing: Creed Champions,"September 3, 2021",58,tbd
WE ARE DOOMED,"April 17, 2015",58,tbd
Bridge Constructor,"August 21, 2015",58,6.2
Dead by Daylight,"June 20, 2017",58,4.6
Shape Up,"November 11, 2014",58,7.6
Sword Art Online: Alicization Lycoris,"July 10, 2020",58,6.6
WWE 2K Battlegrounds,"September 18, 2020",58,5.3
The Dwarves,"December 1, 2016",58,3.9
Asterix & Obelix: Slap Them All!,"December 2, 2021",58,3.0
Goat Simulator: The Bundle,"March 4, 2016",58,tbd
Pixel Heroes: Byte & Magic,"February 3, 2017",58,tbd
Project Starship,"February 12, 2020",58,tbd
Martha is Dead,"February 24, 2022",58,7.0
OK K.O.! Let's Play Heroes,"January 23, 2018",57,6.3
Symmetry,"February 23, 2018",57,tbd
Lifeless Planet: Premier Edition,"May 13, 2015",57,6.9
Micro Machines World Series,"June 30, 2017",57,5.1
Destiny 2: Curse of Osiris,"December 5, 2017",57,1.4
Uno,"August 16, 2016",57,6.8
Black Legend,"March 25, 2021",57,tbd
Cel Damage HD,"March 11, 2016",57,tbd
Bless Unleashed,"March 12, 2020",57,5.7
Whispering Willows,"August 28, 2015",57,7.1
ZHEROS,"January 15, 2016",57,4.4
Shoppe Keep,"March 2, 2018",57,tbd
Rugby 20,"January 23, 2020",57,3.4
Black Mirror,"November 28, 2017",57,2.8
The Path of Motus,"July 17, 2018",57,tbd
Sniper: Ghost Warrior 3,"April 25, 2017",57,6.6
'n Verlore Verstand,"April 21, 2017",57,tbd
RWBY: Grimm Eclipse,"January 17, 2017",57,6.4
Uncanny Valley,"February 10, 2017",57,3.3
Trophy,"December 17, 2021",57,tbd
Trials of the Blood Dragon,"June 13, 2016",57,5.7
Submerged,"August 7, 2015",57,6.9
Gigantosaurus: The Game,"March 27, 2020",57,tbd
Fade to Silence,"April 30, 2019",57,6.4
WWE 2K15,"November 18, 2014",56,5.4
Pumped BMX +,"September 18, 2015",56,6.2
Rugby 18,"October 24, 2017",56,4.7
Xenon Valkyrie+,"February 21, 2018",56,6.7
Earthfall,"July 13, 2018",56,5.5
Q*bert: Rebooted: The XBOX One @!#?@! Edition,"February 12, 2016",56,5.9
Marooners,"February 6, 2018",56,5.8
Fall of Light: Darkest Edition,"August 14, 2018",56,tbd
At Sundown: Shots in the Dark,"January 22, 2019",56,tbd
Liftoff: Drone Racing,"November 10, 2020",56,tbd
Dead Rising 3: Fallen Angel,"February 11, 2014",56,4.7
Prototype Biohazard Bundle,"July 14, 2015",56,2.9
Defiance 2050,"July 10, 2018",56,4.8
Think of the Children,"September 26, 2018",56,tbd
Valkyria Revolution,"June 27, 2017",56,4.9
G.I. Joe: Operation Blackout,"October 13, 2020",56,5.6
Jettomero: Hero of the Universe,"September 15, 2017",56,tbd
DayZ,"August 29, 2018",56,3.5
Dead Effect 2,"January 13, 2017",56,6.4
Dynasty Warriors 9,"February 13, 2018",56,9.2
GODS Remastered,"December 4, 2018",56,6.5
Contra: Rogue Corps,"September 24, 2019",56,4.4
Albedo: Eyes from Outer Space,"January 20, 2016",55,tbd
Crimson Dragon,"November 22, 2013",55,6.5
Bit Dungeon+,"May 5, 2017",55,tbd
The Bradwell Conspiracy,"October 11, 2019",55,8.0
Metal Wolf Chaos XD,"August 6, 2019",55,6.3
Magnetic: Cage Closed,"August 28, 2015",55,tbd
Warhammer Quest,"February 24, 2017",55,tbd
Black & White Bushido,"May 17, 2017",55,tbd
Robocraft Infinity,"April 11, 2018",55,6.4
MX vs. ATV All Out,"March 23, 2018",55,5.6
Your Toy,"November 17, 2017",55,5.7
AO Tennis,"January 15, 2018",55,8.0
Atomic Heist,"April 20, 2018",55,tbd
Demolish & Build,"July 3, 2020",55,tbd
Heaven Dust,"March 12, 2021",55,tbd
Mr. Prepper,"December 10, 2021",55,tbd
Mighty No. 9,"June 21, 2016",55,4.2
Hello Neighbor: Hide & Seek,"December 7, 2018",55,5.0
Terminator: Resistance,"December 10, 2019",55,8.2
Teenage Mutant Ninja Turtles: Mutants in Manhattan,"May 24, 2016",55,6.0
Dull Grey,"May 5, 2021",55,tbd
Soul Axiom,"June 8, 2016",54,tbd
Kholat,"June 9, 2017",54,5.3
Shaq Fu: A Legend Reborn,"June 5, 2018",54,5.8
Away: Journey to the Unexpected,"February 8, 2019",54,tbd
Ultimate Racing 2D,"December 11, 2019",54,tbd
FORCED,"October 21, 2015",54,tbd
RIDE,"October 6, 2015",54,5.3
Road to Guangdong,"August 28, 2020",54,tbd
Quantum Rush Champions,"June 19, 2015",54,tbd
Bow to Blood: Last Captain Standing,"April 3, 2019",54,tbd
Trenga Unlimited,"May 28, 2021",54,tbd
"Warhammer 40,000: Space Wolf","June 30, 2021",54,tbd
Trollhunters: Defenders of Arcadia,"September 25, 2020",54,tbd
Farming Simulator 15,"May 19, 2015",54,6.6
Dakar 18,"September 25, 2018",54,6.8
Power Rangers: Battle for the Grid,"March 26, 2019",53,5.0
Active Soccer 2 DX,"March 30, 2016",53,6.9
Angry Birds Star Wars,"November 22, 2013",53,6.9
Goat Simulator,"April 17, 2015",53,6.2
Shred It!,"March 18, 2016",53,5.5
Elea - Episode 1,"September 6, 2018",53,6.2
Revenant Dogma,"September 12, 2018",53,6.8
Solar Shifter EX,"August 26, 2016",53,tbd
Doodle God: Ultimate Edition,"January 27, 2017",53,tbd
#KILLALLZOMBIES,"August 10, 2016",53,tbd
Pumped BMX Pro,"February 7, 2019",53,4.3
Friday the 13th: The Game,"May 26, 2017",53,6.6
Space Jam: A New Legacy - The Game,"July 1, 2021",53,6.3
The Good Life,"October 15, 2021",53,6.5
Rabbids Invasion,"November 18, 2014",53,6.3
Constructor,"July 25, 2017",53,4.3
Halo: Spartan Assault,"December 23, 2013",53,4.6
NBA Live 15,"October 28, 2014",53,6.9
Super Dungeon Bros,"November 1, 2016",53,2.4
Pixel Piracy,"February 16, 2016",53,3.1
Don't Knock Twice,"September 5, 2017",53,tbd
Xuan-Yuan Sword: The Gate of Firmament,"January 24, 2018",52,6.8
DreamBreak,"September 15, 2017",52,tbd
The Grand Tour Game,"January 15, 2019",52,6.8
Doodle God: Crime City,"November 8, 2018",52,tbd
Everreach: Project Eden,"December 4, 2019",52,tbd
Dead Rising 3: Operation Broken Eagle,"January 21, 2014",52,4.2
Extinction,"April 10, 2018",52,1.9
Asterix & Obelix XXL 3: The Crystal Menhir,"November 28, 2019",52,5.4
Spectra: 8bit Racing,"July 10, 2015",52,6.5
Carmageddon: Max Damage,"July 5, 2016",52,7.2
ZAMB! Redux,"May 30, 2018",52,tbd
No Time to Explain,"July 17, 2015",52,5.6
Crashbots,"May 1, 2019",52,tbd
Waking,"June 18, 2020",51,tbd
Zeroptian Invasion,"April 24, 2019",51,tbd
Immortal: Unchained,"September 7, 2018",51,7.6
Chivalry: Medieval Warfare,"December 2, 2015",51,4.1
Dead Rising 3: The Last Agent,"March 18, 2014",51,4.3
Blue Estate,"February 18, 2015",51,7.4
Time Carnage,"September 12, 2018",51,tbd
Party Hard,"April 26, 2016",51,6.9
Murdered: Soul Suspect,"June 3, 2014",51,7.1
Generation Zero,"March 26, 2019",50,6.1
AereA,"June 30, 2017",50,4.0
Dead Rising 3: Chaos Rising,"February 21, 2014",50,3.4
Nutjitsu,"May 8, 2014",50,4.4
Skyling: Garden Defense,"April 19, 2016",50,tbd
Smoots World Cup Tennis,"April 5, 2019",50,tbd
Trulon: The Shadow Engine,"February 24, 2017",49,tbd
Remothered: Broken Porcelain,"October 13, 2020",49,7.8
Fast & Furious Crossroads,"August 3, 2020",49,3.1
Nippon Marathon,"December 18, 2018",49,4.8
Homefront: The Revolution,"May 17, 2016",49,4.8
De-formers,"March 24, 2017",49,tbd
Korgan,"April 27, 2018",49,7.4
Fallout 76,"November 14, 2018",49,3.3
LA Cops,"March 13, 2015",49,6.2
Windscape,"March 27, 2019",49,tbd
In Space We Brawl: Full Arsenal Edition,"February 12, 2016",49,tbd
Action News Heroes,"July 27, 2016",49,7.1
The Legend of Korra,"October 22, 2014",49,6.5
Nickelodeon Kart Racers,"October 23, 2018",49,6.0
MagNets: Fully Charged,"March 11, 2016",49,4.1
Bush Hockey League,"November 29, 2017",49,tbd
Hell Warders,"March 20, 2019",48,tbd
Paranautical Activity,"April 29, 2016",48,3.8
Tour de France 2015,"June 18, 2015",48,6.7
LocoCycle,"November 22, 2013",48,4.1
Adam's Venture: Origins,"April 1, 2016",48,5.5
Bladestorm: Nightmare,"March 17, 2015",48,7.3
Vaccine,"February 21, 2017",48,tbd
Asemblance,"January 30, 2018",47,6.8
We should talk.,"July 16, 2020",47,6.0
Super Toy Cars,"September 4, 2015",47,4.6
Dead Rising 4: Frank Rising,"April 4, 2017",47,2.1
Monster Jam Steel Titans,"June 25, 2019",47,4.0
Headspun,"August 28, 2019",47,tbd
Transformers: Rise of the Dark Spark,"June 24, 2014",47,4.9
Ultimate Fishing Simulator,"May 29, 2020",47,7.2
Castaway Paradise,"July 31, 2018",46,tbd
The Amazing Spider-Man 2,"April 29, 2014",46,5.0
Raid: World War II,"October 10, 2017",46,5.6
Unknown Fate,"April 24, 2019",46,tbd
Coffin Dodgers,"May 6, 2016",46,3.8
R.B.I. Baseball 15,"April 1, 2015",46,4.6
Mighty Morphin Power Rangers: Mega Battle,"January 17, 2017",46,8.2
Fear Effect Sedna,"March 6, 2018",46,3.9
Verdun,"March 8, 2017",46,5.4
MX vs. ATV Supercross Encore,"July 15, 2016",45,4.9
WWE 2K20,"October 22, 2019",45,1.3
Dead Age,"September 7, 2018",45,tbd
Yet Another Zombie Defense HD,"June 22, 2018",45,4.4
The One We Found,"October 31, 2018",44,6.5
Ethan: Meteor Hunter,"July 1, 2016",44,3.3
Infinity Runner,"April 22, 2015",44,6.3
Crypt of the Serpent King,"December 21, 2016",43,6.4
Bring to Light,"May 24, 2019",43,tbd
Dead Alliance,"August 29, 2017",43,3.5
Funk of Titans,"January 9, 2015",43,4.3
Element Space,"March 24, 2020",43,tbd
Rock Zombie,"December 4, 2015",42,4.5
Tango Fiesta,"May 17, 2017",42,tbd
STONE,"January 27, 2020",42,tbd
Tears of Avia,"October 15, 2020",42,tbd
Hello Neighbor,"December 8, 2017",42,4.8
Tennis World Tour,"May 22, 2018",42,1.7
Protocol,"April 30, 2021",41,8.3
Future War:Reborn,"December 20, 2017",41,tbd
Super Blackjack Battle II Turbo Edition: The Card Warriors,"July 25, 2018",41,6.2
Heavy Fire: Red Shadow,"October 19, 2018",40,tbd
Tony Hawk's Pro Skater 5,"September 29, 2015",39,2.1
Project Root,"April 29, 2015",38,5.0
Super Street: The Game,"September 11, 2018",37,6.2
Rock 'N Racing Grand Prix,"May 13, 2016",37,4.3
Doctor Who: The Edge of Reality,"October 14, 2021",37,tbd
NBA Live 14,"November 19, 2013",36,3.1
Monster Jam: Crush It!,"October 25, 2016",36,tbd
Super Night Riders,"May 18, 2016",36,5.3
Bounce Rescue!,"May 5, 2018",36,tbd
Overlord: Fellowship of Evil,"October 20, 2015",36,4.3
Tyler: Model 005,"August 21, 2018",35,tbd
7 Days to Die,"June 28, 2016",35,5.6
Sanity of Morris,"March 23, 2021",35,tbd
Past Cure,"February 23, 2018",34,6.0
Agony,"May 29, 2018",34,4.4
R.B.I. Baseball 16,"March 29, 2016",34,5.8
Troll and I,"March 21, 2017",33,5.0
Alekhine's Gun,"March 1, 2016",33,2.5
Road Rage,"November 14, 2017",33,3.3
Professional Farmer 2017,"June 10, 2016",33,tbd
XIII (Remake),"November 10, 2020",32,3.4
R.B.I. Baseball 18,"March 20, 2018",32,4.6
Giana Sisters: Dream Runners,"August 19, 2015",32,4.9
Gene Rain,"July 31, 2018",32,3.6
Bounty Battle,"September 10, 2020",32,tbd
Doug Hates His Job,"April 24, 2020",32,tbd
Ghostbusters,"July 12, 2016",32,3.8
Crimson Keep,"March 6, 2019",30,tbd
Soda Drinker Pro,"April 14, 2016",30,6.1
This is the Zodiac Speaking,"October 15, 2020",30,tbd
Rock 'N Racing Off Road DX,"October 16, 2015",29,1.5
Robot Squad Simulator X,"May 1, 2020",25,tbd
Fighter Within,"November 19, 2013",23,2.8
Rugby 15,"February 24, 2015",20,2.9
